n,d,seed,edges,true_score,ours_score,ours_gap,ours_time,pieces,qb_score,qb_gap,qb_time,qb_rounds
8,3,0,12,10,10,0,0.0007987022399902344,2,10,0,0.0017528533935546875,2
8,3,1,12,10,9,1,0.0007903575897216797,2,10,0,0.0017323493957519531,2
8,3,2,12,10,10,0,0.0008337497711181641,2,10,0,0.0025680065155029297,3
8,3,3,12,10,9,1,0.0007846355438232422,2,10,0,0.0016961097717285156,2
8,3,4,12,10,9,1,0.0007615089416503906,2,10,0,0.0015974044799804688,2
8,3,5,12,10,10,0,0.0006411075592041016,2,10,0,0.0013544559478759766,2
8,3,6,12,10,9,1,0.0005626678466796875,2,10,0,0.0011620521545410156,2
8,3,7,12,10,10,0,0.0005359649658203125,2,10,0,0.001190185546875,2
8,3,8,12,10,9,1,0.0005307197570800781,2,10,0,0.0012161731719970703,2
8,3,9,12,10,9,1,0.0005166530609130859,2,10,0,0.001161813735961914,2
8,3,10,12,10,10,0,0.0005140304565429688,2,10,0,0.0011539459228515625,2
8,3,11,12,10,10,0,0.000537872314453125,2,10,0,0.0011970996856689453,2
8,3,12,12,10,9,1,0.00052642822265625,2,10,0,0.001142263412475586,2
8,3,13,12,10,10,0,0.0005235671997070312,2,10,0,0.0011742115020751953,2
8,3,14,12,10,10,0,0.0005044937133789062,2,10,0,0.0011467933654785156,2
8,3,15,12,8,8,0,0.0005099773406982422,2,8,0,0.0011448860168457031,2
8,3,16,12,10,10,0,0.0005147457122802734,2,10,0,0.0011429786682128906,2
8,3,17,12,10,10,0,0.0005125999450683594,2,10,0,0.0011715888977050781,2
8,3,18,12,10,10,0,0.0005204677581787109,2,10,0,0.0011737346649169922,2
8,3,19,12,10,9,1,0.000530242919921875,2,10,0,0.0011920928955078125,2
8,3,20,12,10,10,0,0.0005323886871337891,2,10,0,0.0011723041534423828,2
8,3,21,12,10,10,0,0.0005288124084472656,2,10,0,0.001157999038696289,2
8,3,22,12,10,10,0,0.0005259513854980469,2,10,0,0.00115203857421875,2
8,3,23,12,10,9,1,0.000522613525390625,2,10,0,0.0011763572692871094,2
8,3,24,12,10,10,0,0.0005371570587158203,2,10,0,0.0011875629425048828,2
8,3,25,12,10,10,0,0.0005221366882324219,2,10,0,0.0011773109436035156,2
8,3,26,12,10,10,0,0.0005545616149902344,2,10,0,0.001232147216796875,2
8,3,27,12,10,10,0,0.0005440711975097656,2,10,0,0.0011734962463378906,2
8,3,28,12,10,9,1,0.0005350112915039062,2,10,0,0.001203775405883789,2
8,3,29,12,10,10,0,0.0005300045013427734,2,10,0,0.0011692047119140625,2
8,4,0,16,12,10,2,0.0009109973907470703,2,12,0,0.0020470619201660156,2
8,4,1,16,12,12,0,0.0008809566497802734,2,12,0,0.0010404586791992188,1
8,4,2,16,12,12,0,0.0008792877197265625,2,12,0,0.0019876956939697266,2
8,4,3,16,14,14,0,0.0008924007415771484,2,14,0,0.0021910667419433594,2
8,4,4,16,12,12,0,0.0008828639984130859,2,12,0,0.001990079879760742,2
8,4,5,16,12,12,0,0.0008990764617919922,2,12,0,0.0020444393157958984,2
8,4,6,16,12,12,0,0.0008862018585205078,2,12,0,0.0010356903076171875,1
8,4,7,16,12,12,0,0.0008950233459472656,2,12,0,0.001993894577026367,2
8,4,8,16,12,12,0,0.0008599758148193359,2,12,0,0.0019943714141845703,2
8,4,9,16,12,12,0,0.0009417533874511719,2,12,0,0.0021533966064453125,2
8,4,10,16,12,12,0,0.000934600830078125,2,12,0,0.002168416976928711,2
8,4,11,16,12,12,0,0.000896453857421875,2,12,0,0.00218963623046875,2
8,4,12,16,14,14,0,0.0010704994201660156,2,14,0,0.0023026466369628906,2
8,4,13,16,12,12,0,0.000972747802734375,2,12,0,0.0022034645080566406,2
8,4,14,16,12,12,0,0.0010225772857666016,2,12,0,0.002368450164794922,2
8,4,15,16,12,12,0,0.0009577274322509766,2,12,0,0.0021805763244628906,2
8,4,16,16,12,12,0,0.0009677410125732422,2,12,0,0.002301931381225586,2
8,4,17,16,12,12,0,0.0010402202606201172,2,12,0,0.002309560775756836,2
8,4,18,16,12,12,0,0.0010275840759277344,2,12,0,0.002213001251220703,2
8,4,19,16,14,14,0,0.0010111331939697266,2,14,0,0.002151012420654297,2
8,4,20,16,12,12,0,0.0008554458618164062,2,12,0,0.001867532730102539,2
8,4,21,16,12,12,0,0.00075531005859375,2,12,0,0.002732515335083008,3
8,4,22,16,12,12,0,0.0007505416870117188,2,12,0,0.0016176700592041016,2
8,4,23,16,12,12,0,0.0006105899810791016,2,12,0,0.0016965866088867188,2
8,4,24,16,12,12,0,0.0008826255798339844,2,12,0,0.002027750015258789,2
8,4,25,16,12,12,0,0.0008854866027832031,2,10,2,0.0010116100311279297,1
8,4,26,16,12,12,0,0.0008769035339355469,2,12,0,0.0019485950469970703,2
8,4,27,16,12,12,0,0.0008938312530517578,2,12,0,0.0018877983093261719,2
8,4,28,16,12,12,0,0.0005888938903808594,2,12,0,0.0015869140625,2
8,4,29,16,12,12,0,0.0006628036499023438,2,12,0,0.0013704299926757812,2
8,5,0,20,16,16,0,0.0006985664367675781,2,16,0,0.00177001953125,2
8,5,1,20,14,14,0,0.0006999969482421875,2,14,0,0.0018999576568603516,2
8,5,2,20,14,14,0,0.0009305477142333984,2,14,0,0.0017955303192138672,2
8,5,3,20,14,14,0,0.0010364055633544922,2,14,0,0.0019812583923339844,2
8,5,4,20,14,14,0,0.0009009838104248047,2,14,0,0.0022122859954833984,2
8,5,5,20,14,14,0,0.0010459423065185547,2,14,0,0.0023670196533203125,2
8,5,6,20,14,14,0,0.0010099411010742188,2,14,0,0.002231121063232422,2
8,5,7,20,14,14,0,0.0008869171142578125,2,14,0,0.0019102096557617188,2
8,5,8,20,14,14,0,0.0007042884826660156,2,14,0,0.0015799999237060547,2
8,5,9,20,14,14,0,0.0009124279022216797,2,14,0,0.0015633106231689453,2
8,5,10,20,15,15,0,0.0007107257843017578,2,15,0,0.0021839141845703125,2
8,5,11,20,14,14,0,0.0006947517395019531,2,14,0,0.0018954277038574219,2
8,5,12,20,14,14,0,0.0006730556488037109,2,14,0,0.0015439987182617188,2
8,5,13,20,14,14,0,0.0006833076477050781,2,14,0,0.0015106201171875,2
8,5,14,20,15,15,0,0.0006883144378662109,2,15,0,0.001550436019897461,2
8,5,15,20,15,14,1,0.0006949901580810547,2,15,0,0.001546621322631836,2
8,5,16,20,14,14,0,0.0006897449493408203,2,14,0,0.0015404224395751953,2
8,5,17,20,14,14,0,0.0006854534149169922,2,14,0,0.0015521049499511719,2
8,5,18,20,14,14,0,0.0006978511810302734,2,14,0,0.0015616416931152344,2
8,5,19,20,14,14,0,0.0006809234619140625,2,14,0,0.0015299320220947266,2
8,5,20,20,14,14,0,0.0006847381591796875,2,14,0,0.0007967948913574219,1
8,5,21,20,14,14,0,0.0006833076477050781,2,14,0,0.0015196800231933594,2
8,5,22,20,15,14,1,0.0006926059722900391,2,15,0,0.0015552043914794922,2
8,5,23,20,14,14,0,0.0006995201110839844,2,14,0,0.001569509506225586,2
8,5,24,20,14,14,0,0.0006937980651855469,2,14,0,0.0015096664428710938,2
8,5,25,20,16,16,0,0.0007021427154541016,2,16,0,0.0015552043914794922,2
8,5,26,20,14,14,0,0.0006740093231201172,2,14,0,0.0015316009521484375,2
8,5,27,20,16,16,0,0.0006811618804931641,2,16,0,0.0015304088592529297,2
8,5,28,20,15,15,0,0.0006933212280273438,2,15,0,0.0015590190887451172,2
8,5,29,20,14,14,0,0.0006921291351318359,2,14,0,0.0014913082122802734,2
10,3,0,15,13,13,0,0.0007345676422119141,2,13,0,0.0016777515411376953,2
10,3,1,15,12,11,1,0.0007376670837402344,2,11,1,0.0008516311645507812,1
10,3,2,15,13,12,1,0.0007328987121582031,2,13,0,0.0016057491302490234,2
10,3,3,15,13,13,0,0.0007128715515136719,2,13,0,0.0016138553619384766,2
10,3,4,15,13,13,0,0.0007226467132568359,2,13,0,0.0016238689422607422,2
10,3,5,15,13,12,1,0.00069427490234375,2,13,0,0.0016133785247802734,2
10,3,6,15,12,12,0,0.0006825923919677734,2,12,0,0.0015971660614013672,2
10,3,7,15,13,13,0,0.0012314319610595703,2,13,0,0.0027132034301757812,3
10,3,8,15,13,13,0,0.0007178783416748047,2,13,0,0.0016398429870605469,2
10,3,9,15,13,13,0,0.0007033348083496094,2,13,0,0.0016360282897949219,2
10,3,10,15,13,13,0,0.0007233619689941406,2,13,0,0.001650094985961914,2
10,3,11,15,13,13,0,0.000762939453125,2,13,0,0.0024170875549316406,3
10,3,12,15,12,11,1,0.0007159709930419922,2,12,0,0.001634836196899414,2
10,3,13,15,13,11,2,0.0007028579711914062,2,13,0,0.0016293525695800781,2
10,3,14,15,12,12,0,0.0007174015045166016,2,11,1,0.001628875732421875,2
10,3,15,15,13,13,0,0.0006849765777587891,2,13,0,0.0023565292358398438,3
10,3,16,15,13,13,0,0.0007228851318359375,2,13,0,0.0023584365844726562,3
10,3,17,15,13,13,0,0.0007009506225585938,2,13,0,0.0016071796417236328,2
10,3,18,15,13,12,1,0.0006992816925048828,2,13,0,0.001628875732421875,2
10,3,19,15,13,13,0,0.0007600784301757812,2,11,2,0.0016591548919677734,2
10,3,20,15,13,11,2,0.0007236003875732422,2,13,0,0.001607656478881836,2
10,3,21,15,12,11,1,0.0008726119995117188,2,12,0,0.001987934112548828,2
10,3,22,15,13,13,0,0.0008609294891357422,2,13,0,0.0019249916076660156,2
10,3,23,15,13,13,0,0.0007803440093994141,2,13,0,0.0018227100372314453,2
10,3,24,15,13,12,1,0.0007050037384033203,2,11,2,0.0015840530395507812,2
10,3,25,15,13,13,0,0.0007250308990478516,2,13,0,0.0023894309997558594,3
10,3,26,15,13,13,0,0.0008199214935302734,2,13,0,0.0016369819641113281,2
10,3,27,15,13,12,1,0.0007061958312988281,2,11,2,0.0016145706176757812,2
10,3,28,15,13,13,0,0.0007171630859375,2,13,0,0.0016407966613769531,2
10,3,29,15,13,12,1,0.000713348388671875,2,11,2,0.0008435249328613281,1
10,4,0,20,16,14,2,0.0008463859558105469,2,14,2,0.0020024776458740234,2
10,4,1,20,16,16,0,0.0008330345153808594,2,16,0,0.00186920166015625,2
10,4,2,20,16,16,0,0.0008542537689208984,2,16,0,0.002430438995361328,2
10,4,3,20,16,14,2,0.0008170604705810547,2,14,2,0.0018737316131591797,2
10,4,4,20,16,14,2,0.0008285045623779297,2,16,0,0.002039670944213867,2
10,4,5,20,16,16,0,0.000827789306640625,2,16,0,0.0018870830535888672,2
10,4,6,20,16,14,2,0.0007965564727783203,2,16,0,0.0018928050994873047,2
10,4,7,20,16,14,2,0.0008482933044433594,2,16,0,0.0021004676818847656,2
10,4,8,20,16,16,0,0.0008058547973632812,2,16,0,0.0018575191497802734,2
10,4,9,20,16,16,0,0.0008335113525390625,2,16,0,0.002849578857421875,3
10,4,10,20,14,14,0,0.0008087158203125,2,12,2,0.0009684562683105469,1
10,4,11,20,16,16,0,0.0008156299591064453,2,16,0,0.002845287322998047,3
10,4,12,20,16,14,2,0.0008292198181152344,2,16,0,0.0019197463989257812,2
10,4,13,20,18,18,0,0.0008199214935302734,2,18,0,0.0018668174743652344,2
10,4,14,20,16,14,2,0.0008137226104736328,2,16,0,0.0019125938415527344,2
10,4,15,20,16,14,2,0.0008118152618408203,2,16,0,0.0028655529022216797,3
10,4,16,20,14,14,0,0.0008244514465332031,2,14,0,0.0018916130065917969,2
10,4,17,20,14,14,0,0.0008122920989990234,2,14,0,0.0019183158874511719,2
10,4,18,20,16,14,2,0.0008411407470703125,2,14,2,0.0009918212890625,1
10,4,19,20,14,14,0,0.0008013248443603516,2,14,0,0.0020999908447265625,2
10,4,20,20,16,14,2,0.0008103847503662109,2,16,0,0.0018608570098876953,2
10,4,21,20,16,16,0,0.0008182525634765625,2,16,0,0.001889944076538086,2
10,4,22,20,16,16,0,0.0008256435394287109,2,14,2,0.0018894672393798828,2
10,4,23,20,16,14,2,0.0008380413055419922,2,14,2,0.0009975433349609375,1
10,4,24,20,14,14,0,0.0008547306060791016,2,14,0,0.0019431114196777344,2
10,4,25,20,16,16,0,0.0009441375732421875,2,16,0,0.0028638839721679688,3
10,4,26,20,16,14,2,0.0008270740509033203,2,12,4,0.0019047260284423828,2
10,4,27,20,16,16,0,0.0008475780487060547,2,14,2,0.0019273757934570312,2
10,4,28,20,14,14,0,0.0008387565612792969,2,14,0,0.0019147396087646484,2
10,4,29,20,16,16,0,0.0009348392486572266,2,16,0,0.0019714832305908203,2
10,5,0,25,19,17,2,0.0009593963623046875,2,19,0,0.002221345901489258,2
10,5,1,25,18,18,0,0.0009677410125732422,2,18,0,0.0032203197479248047,3
10,5,2,25,19,17,2,0.0009453296661376953,2,17,2,0.0021631717681884766,2
10,5,3,25,19,19,0,0.0009479522705078125,2,19,0,0.0021643638610839844,2
10,5,4,25,19,19,0,0.0009515285491943359,2,19,0,0.0021817684173583984,2
10,5,5,25,19,18,1,0.0009264945983886719,2,19,0,0.002144336700439453,2
10,5,6,25,19,18,1,0.0009436607360839844,2,17,2,0.002154111862182617,2
10,5,7,25,19,19,0,0.0009419918060302734,2,19,0,0.0032792091369628906,3
10,5,8,25,19,17,2,0.000934600830078125,2,19,0,0.002165555953979492,2
10,5,9,25,18,17,1,0.0009543895721435547,2,17,1,0.0021822452545166016,2
10,5,10,25,19,18,1,0.0009496212005615234,2,19,0,0.002176046371459961,2
10,5,11,25,19,19,0,0.0009441375732421875,2,19,0,0.0021734237670898438,2
10,5,12,25,19,18,1,0.0009162425994873047,2,19,0,0.002155780792236328,2
10,5,13,25,19,18,1,0.0009160041809082031,2,19,0,0.002164125442504883,2
10,5,14,25,19,18,1,0.0009229183197021484,2,19,0,0.003190279006958008,3
10,5,15,25,17,17,0,0.0009608268737792969,2,17,0,0.002186298370361328,2
10,5,16,25,19,17,2,0.0009379386901855469,2,19,0,0.0021703243255615234,2
10,5,17,25,17,17,0,0.0009503364562988281,2,17,0,0.002154827117919922,2
10,5,18,25,19,19,0,0.0009210109710693359,2,17,2,0.0011026859283447266,1
10,5,19,25,19,19,0,0.0009338855743408203,2,19,0,0.002186298370361328,2
10,5,20,25,19,19,0,0.0009207725524902344,2,19,0,0.0032007694244384766,3
10,5,21,25,19,19,0,0.0009350776672363281,2,19,0,0.003299713134765625,3
10,5,22,25,17,17,0,0.0009489059448242188,2,17,0,0.002171039581298828,2
10,5,23,25,19,17,2,0.0009014606475830078,2,19,0,0.0032262802124023438,3
10,5,24,25,17,17,0,0.0009377002716064453,2,17,0,0.002193927764892578,2
10,5,25,25,19,19,0,0.0009429454803466797,2,19,0,0.0032088756561279297,3
10,5,26,25,17,17,0,0.0009405612945556641,2,17,0,0.002149820327758789,2
10,5,27,25,19,19,0,0.0009474754333496094,2,17,2,0.0022346973419189453,2
10,5,28,25,19,18,1,0.0009586811065673828,2,19,0,0.0021886825561523438,2
10,5,29,25,19,19,0,0.0009596347808837891,2,19,0,0.0033092498779296875,3
12,3,0,18,16,16,0,0.0010259151458740234,3,16,0,0.004614353179931641,3
12,3,1,18,16,14,2,0.0010464191436767578,3,14,2,0.003084421157836914,2
12,3,2,18,16,16,0,0.0010340213775634766,3,16,0,0.0030825138092041016,2
12,3,3,18,16,14,2,0.0010571479797363281,3,16,0,0.004593849182128906,3
12,3,4,18,16,15,1,0.0010478496551513672,3,16,0,0.004536867141723633,3
12,3,5,18,16,14,2,0.0010612010955810547,3,16,0,0.0031430721282958984,2
12,3,6,18,16,14,2,0.0010304450988769531,3,14,2,0.003072977066040039,2
12,3,7,18,16,16,0,0.0010704994201660156,3,16,0,0.004488468170166016,3
12,3,8,18,16,14,2,0.0010793209075927734,3,14,2,0.003108978271484375,2
12,3,9,18,16,14,2,0.0010082721710205078,3,14,2,0.003057241439819336,2
12,3,10,18,15,15,0,0.001058816909790039,3,14,1,0.003061056137084961,2
12,3,11,18,16,16,0,0.0010654926300048828,3,16,0,0.004533052444458008,3
12,3,12,18,16,15,1,0.001049041748046875,3,16,0,0.0046503543853759766,3
12,3,13,18,16,13,3,0.0010106563568115234,3,16,0,0.0030775070190429688,2
12,3,14,18,15,13,2,0.0010402202606201172,3,15,0,0.004556894302368164,3
12,3,15,18,16,16,0,0.0010602474212646484,3,16,0,0.003058195114135742,2
12,3,16,18,15,14,1,0.0010311603546142578,3,14,1,0.0030639171600341797,2
12,3,17,18,16,14,2,0.0010111331939697266,3,16,0,0.002996206283569336,2
12,3,18,18,16,15,1,0.001032114028930664,3,16,0,0.003043651580810547,2
12,3,19,18,16,15,1,0.001012563705444336,3,16,0,0.00437617301940918,3
12,3,20,18,16,14,2,0.0010030269622802734,3,16,0,0.0060155391693115234,4
12,3,21,18,16,16,0,0.0010099411010742188,3,16,0,0.0029816627502441406,2
12,3,22,18,16,15,1,0.0009837150573730469,3,15,1,0.0029540061950683594,2
12,3,23,18,15,15,0,0.0010480880737304688,3,15,0,0.0031189918518066406,2
12,3,24,18,16,14,2,0.001058816909790039,3,16,0,0.0032155513763427734,2
12,3,25,18,16,16,0,0.0010755062103271484,3,16,0,0.005999565124511719,4
12,3,26,18,16,16,0,0.0010292530059814453,3,16,0,0.004591226577758789,3
12,3,27,18,15,15,0,0.001032114028930664,3,14,1,0.003009319305419922,2
12,3,28,18,16,14,2,0.0010657310485839844,3,16,0,0.004551887512207031,3
12,3,29,18,16,14,2,0.0010418891906738281,3,16,0,0.003093242645263672,2
12,4,0,24,20,18,2,0.0012423992156982422,3,20,0,0.003838062286376953,2
12,4,1,24,18,18,0,0.0012226104736328125,3,16,2,0.0035490989685058594,2
12,4,2,24,18,18,0,0.0011970996856689453,3,18,0,0.003587484359741211,2
12,4,3,24,18,18,0,0.0012204647064208984,3,18,0,0.0036187171936035156,2
12,4,4,24,18,18,0,0.0011897087097167969,3,18,0,0.003524303436279297,2
12,4,5,24,18,18,0,0.0012171268463134766,3,16,2,0.0018589496612548828,1
12,4,6,24,20,20,0,0.0011894702911376953,3,18,2,0.003555774688720703,2
12,4,7,24,20,20,0,0.001188516616821289,3,20,0,0.003513813018798828,2
12,4,8,24,18,18,0,0.0012085437774658203,3,18,0,0.0035271644592285156,2
12,4,9,24,20,20,0,0.0012094974517822266,3,20,0,0.005360126495361328,3
12,4,10,24,20,16,4,0.001195669174194336,3,18,2,0.003540515899658203,2
12,4,11,24,18,18,0,0.0011937618255615234,3,18,0,0.0035152435302734375,2
12,4,12,24,20,20,0,0.0012390613555908203,3,20,0,0.005409717559814453,3
12,4,13,24,20,18,2,0.001191854476928711,3,18,2,0.003535032272338867,2
12,4,14,24,18,18,0,0.0011487007141113281,3,18,0,0.0035333633422851562,2
12,4,15,24,22,20,2,0.0012316703796386719,3,22,0,0.005326271057128906,3
12,4,16,24,20,20,0,0.0012013912200927734,3,18,2,0.0034956932067871094,2
12,4,17,24,20,20,0,0.0011820793151855469,3,20,0,0.0053331851959228516,3
12,4,18,24,20,20,0,0.0011844635009765625,3,18,2,0.0035238265991210938,2
12,4,19,24,18,18,0,0.0011639595031738281,3,18,0,0.005286693572998047,3
12,4,20,24,20,18,2,0.001178741455078125,3,18,2,0.00356292724609375,2
12,4,21,24,18,18,0,0.0011913776397705078,3,18,0,0.003641366958618164,2
12,4,22,24,20,18,2,0.001253366470336914,3,20,0,0.0053789615631103516,3
12,4,23,24,20,18,2,0.0012581348419189453,3,20,0,0.0035774707794189453,2
12,4,24,24,18,18,0,0.0012845993041992188,3,18,0,0.003547191619873047,2
12,4,25,24,20,18,2,0.0012326240539550781,3,16,4,0.003876924514770508,2
12,4,26,24,20,18,2,0.0016303062438964844,3,20,0,0.00480961799621582,2
12,4,27,24,20,20,0,0.0016627311706542969,3,18,2,0.005134105682373047,2
12,4,28,24,18,18,0,0.0012276172637939453,3,18,0,0.0035436153411865234,2
12,4,29,24,18,18,0,0.0011909008026123047,3,18,0,0.0035181045532226562,2
12,5,0,30,24,24,0,0.0013921260833740234,3,20,4,0.004145383834838867,2
12,5,1,30,22,22,0,0.0017795562744140625,3,22,0,0.005961179733276367,2
12,5,2,30,22,21,1,0.0015196800231933594,3,22,0,0.0066454410552978516,3
12,5,3,30,22,22,0,0.0014009475708007812,3,22,0,0.004064321517944336,2
12,5,4,30,22,21,1,0.0013470649719238281,3,22,0,0.008134603500366211,4
12,5,5,30,24,22,2,0.0013382434844970703,3,24,0,0.004170894622802734,2
12,5,6,30,24,23,1,0.0013470649719238281,3,24,0,0.0060694217681884766,3
12,5,7,30,23,23,0,0.0013818740844726562,3,23,0,0.006103515625,3
12,5,8,30,22,21,1,0.0014834403991699219,3,22,0,0.006271839141845703,3
12,5,9,30,22,22,0,0.0015573501586914062,3,22,0,0.004099130630493164,2
12,5,10,30,22,22,0,0.0015034675598144531,3,22,0,0.004472970962524414,2
12,5,11,30,22,22,0,0.0013630390167236328,3,21,1,0.004120349884033203,2
12,5,12,30,24,24,0,0.001352548599243164,3,24,0,0.006162166595458984,3
12,5,13,30,24,22,2,0.0014121532440185547,3,22,2,0.004739284515380859,2
12,5,14,30,24,24,0,0.0015959739685058594,3,24,0,0.0046308040618896484,2
12,5,15,30,23,23,0,0.0014977455139160156,3,23,0,0.007018327713012695,3
12,5,16,30,23,23,0,0.0013606548309326172,3,23,0,0.0049817562103271484,2
12,5,17,30,23,22,1,0.0013577938079833984,3,22,1,0.004088401794433594,2
12,5,18,30,23,23,0,0.001363992691040039,3,22,1,0.004103899002075195,2
12,5,19,30,23,21,2,0.001394033432006836,3,22,1,0.0040857791900634766,2
12,5,20,30,22,22,0,0.0013408660888671875,3,22,0,0.004084110260009766,2
12,5,21,30,22,22,0,0.0014035701751708984,3,22,0,0.009438276290893555,3
12,5,22,30,24,24,0,0.0013880729675292969,3,24,0,0.0041904449462890625,2
12,5,23,30,22,21,1,0.0014090538024902344,3,22,0,0.006254434585571289,3
12,5,24,30,22,22,0,0.0013513565063476562,3,22,0,0.006120204925537109,3
12,5,25,30,23,21,2,0.0013349056243896484,3,22,1,0.006068706512451172,3
12,5,26,30,22,20,2,0.0014102458953857422,3,22,0,0.006136178970336914,3
12,5,27,30,22,21,1,0.0016391277313232422,3,22,0,0.004457950592041016,2
12,5,28,30,23,22,1,0.0013997554779052734,3,22,1,0.004268169403076172,2
12,5,29,30,23,22,1,0.0013759136199951172,3,23,0,0.006687641143798828,3
14,3,0,21,18,16,2,0.0012285709381103516,3,18,0,0.003496408462524414,2
14,3,1,21,19,18,1,0.0012402534484863281,3,18,1,0.003592967987060547,2
14,3,2,21,17,15,2,0.0011899471282958984,3,17,0,0.0035271644592285156,2
14,3,3,21,19,17,2,0.0012564659118652344,3,18,1,0.00717473030090332,4
14,3,4,21,18,17,1,0.001668691635131836,3,17,1,0.0048215389251708984,2
14,3,5,21,18,16,2,0.0012123584747314453,3,17,1,0.0035643577575683594,2
14,3,6,21,18,17,1,0.0012176036834716797,3,17,1,0.0035560131072998047,2
14,3,7,21,19,18,1,0.001218557357788086,3,19,0,0.0034770965576171875,2
14,3,8,21,18,16,2,0.0011637210845947266,3,18,0,0.0034875869750976562,2
14,3,9,21,18,17,1,0.001226186752319336,3,18,0,0.0037221908569335938,2
14,3,10,21,18,16,2,0.0012128353118896484,3,18,0,0.005328178405761719,3
14,3,11,21,18,17,1,0.0011794567108154297,3,17,1,0.0035741329193115234,2
14,3,12,21,19,16,3,0.0011737346649169922,3,19,0,0.008722066879272461,5
14,3,13,21,19,18,1,0.0012199878692626953,3,19,0,0.003607511520385742,2
14,3,14,21,18,18,0,0.001789093017578125,3,17,1,0.00550389289855957,2
14,3,15,21,18,18,0,0.0012106895446777344,3,18,0,0.0034482479095458984,2
14,3,16,21,17,17,0,0.0011970996856689453,3,16,1,0.003553628921508789,2
14,3,17,21,19,17,2,0.0012102127075195312,3,18,1,0.0035552978515625,2
14,3,18,21,19,18,1,0.001172780990600586,3,17,2,0.0034630298614501953,2
14,3,19,21,18,16,2,0.0011985301971435547,3,17,1,0.0051975250244140625,3
14,3,20,21,19,19,0,0.0011756420135498047,3,19,0,0.00530695915222168,3
14,3,21,21,17,16,1,0.0012869834899902344,3,17,0,0.004002809524536133,2
14,3,22,21,19,16,3,0.001201629638671875,3,19,0,0.003505706787109375,2
14,3,23,21,18,17,1,0.0012171268463134766,3,18,0,0.0035173892974853516,2
14,3,24,21,19,19,0,0.0011889934539794922,3,19,0,0.0034995079040527344,2
14,3,25,21,19,19,0,0.0016431808471679688,3,19,0,0.006774187088012695,3
14,3,26,21,18,18,0,0.0012247562408447266,3,17,1,0.005299806594848633,3
14,3,27,21,18,18,0,0.0011985301971435547,3,18,0,0.003500223159790039,2
14,3,28,21,19,19,0,0.0012774467468261719,3,17,2,0.0035212039947509766,2
14,3,29,21,19,17,2,0.0011997222900390625,3,19,0,0.0070438385009765625,4
14,4,0,28,24,22,2,0.0014069080352783203,3,22,2,0.00500941276550293,2
14,4,1,28,22,22,0,0.0014030933380126953,3,20,2,0.0041506290435791016,2
14,4,2,28,22,20,2,0.0014238357543945312,3,20,2,0.004082679748535156,2
14,4,3,28,22,22,0,0.0013873577117919922,3,20,2,0.004125356674194336,2
14,4,4,28,22,22,0,0.0013740062713623047,3,22,0,0.004059791564941406,2
14,4,5,28,22,20,2,0.0013713836669921875,3,22,0,0.004234790802001953,2
14,4,6,28,22,20,2,0.001420736312866211,3,20,2,0.004194974899291992,2
14,4,7,28,22,22,0,0.001638650894165039,3,22,0,0.0046536922454833984,2
14,4,8,28,22,22,0,0.0015082359313964844,3,22,0,0.004259586334228516,2
14,4,9,28,22,22,0,0.001420736312866211,3,22,0,0.0064258575439453125,3
14,4,10,28,22,20,2,0.0013959407806396484,3,22,0,0.004164457321166992,2
14,4,11,28,22,20,2,0.0013854503631591797,3,18,4,0.004141330718994141,2
14,4,12,28,22,20,2,0.0013704299926757812,3,22,0,0.0042057037353515625,2
14,4,13,28,22,22,0,0.001413583755493164,3,22,0,0.004161357879638672,2
14,4,14,28,22,22,0,0.0014429092407226562,3,22,0,0.004197835922241211,2
14,4,15,28,24,24,0,0.0014123916625976562,3,24,0,0.004159212112426758,2
14,4,16,28,24,24,0,0.0013797283172607422,3,24,0,0.00635218620300293,3
14,4,17,28,24,24,0,0.0013473033905029297,3,22,2,0.0040776729583740234,2
14,4,18,28,24,24,0,0.00141143798828125,3,24,0,0.004180908203125,2
14,4,19,28,22,22,0,0.0014164447784423828,3,22,0,0.006270647048950195,3
14,4,20,28,22,20,2,0.0014214515686035156,3,22,0,0.004155874252319336,2
14,4,21,28,22,22,0,0.0014116764068603516,3,22,0,0.0041272640228271484,2
14,4,22,28,24,24,0,0.0013577938079833984,3,24,0,0.00865793228149414,3
14,4,23,28,22,22,0,0.0020406246185302734,3,22,0,0.006029367446899414,2
14,4,24,28,22,22,0,0.001421213150024414,3,20,2,0.004239320755004883,2
14,4,25,28,20,20,0,0.0014290809631347656,3,20,0,0.00420832633972168,2
14,4,26,28,22,22,0,0.0014109611511230469,3,22,0,0.004169464111328125,2
14,4,27,28,24,22,2,0.0013654232025146484,3,20,4,0.004384040832519531,2
14,4,28,28,24,22,2,0.0015931129455566406,3,22,2,0.0048334598541259766,2
14,4,29,28,22,22,0,0.0014414787292480469,3,20,2,0.0042095184326171875,2
14,5,0,35,27,26,1,0.0016179084777832031,3,27,0,0.009402036666870117,4
14,5,1,35,26,26,0,0.0016279220581054688,3,25,1,0.007292985916137695,3
14,5,2,35,28,24,4,0.0016140937805175781,3,27,1,0.004828453063964844,2
14,5,3,35,27,24,3,0.0015759468078613281,3,25,2,0.005216360092163086,2
14,5,4,35,28,28,0,0.001619577407836914,3,28,0,0.004755973815917969,2
14,5,5,35,29,29,0,0.0016319751739501953,3,29,0,0.014399528503417969,6
14,5,6,35,27,27,0,0.0016415119171142578,3,27,0,0.0048618316650390625,2
14,5,7,35,26,25,1,0.0015935897827148438,3,26,0,0.007229804992675781,3
14,5,8,35,26,25,1,0.001585245132446289,3,25,1,0.004798173904418945,2
14,5,9,35,27,25,2,0.0015978813171386719,3,26,1,0.007296562194824219,3
14,5,10,35,27,26,1,0.0015513896942138672,3,27,0,0.011951208114624023,5
14,5,11,35,27,24,3,0.0016269683837890625,3,27,0,0.007364034652709961,3
14,5,12,35,28,25,3,0.0015897750854492188,3,27,1,0.007195949554443359,3
14,5,13,35,27,25,2,0.001608133316040039,3,27,0,0.004910469055175781,2
14,5,14,35,29,28,1,0.0020225048065185547,3,29,0,0.009631872177124023,4
14,5,15,35,27,27,0,0.001615762710571289,3,25,2,0.004822731018066406,2
14,5,16,35,27,27,0,0.0016222000122070312,3,27,0,0.004838705062866211,2
14,5,17,35,27,25,2,0.0015971660614013672,3,27,0,0.007160663604736328,3
14,5,18,35,27,27,0,0.0019326210021972656,3,27,0,0.008305549621582031,3
14,5,19,35,27,25,2,0.0015478134155273438,3,27,0,0.004993915557861328,2
14,5,20,35,27,24,3,0.0016243457794189453,3,25,2,0.004858255386352539,2
14,5,21,35,27,24,3,0.0016510486602783203,3,27,0,0.007216930389404297,3
14,5,22,35,26,26,0,0.0015497207641601562,3,25,1,0.004684925079345703,2
14,5,23,35,26,26,0,0.001544952392578125,3,26,0,0.007123708724975586,3
14,5,24,35,26,25,1,0.0015475749969482422,3,25,1,0.004773378372192383,2
14,5,25,35,27,25,2,0.0022084712982177734,3,27,0,0.006146907806396484,2
14,5,26,35,27,23,4,0.0015769004821777344,3,25,2,0.004750251770019531,2
14,5,27,35,27,27,0,0.0015902519226074219,3,27,0,0.004776477813720703,2
14,5,28,35,28,25,3,0.001621246337890625,3,27,1,0.0047953128814697266,2
14,5,29,35,27,27,0,0.00162506103515625,3,27,0,0.004796028137207031,2
16,3,0,24,21,20,1,0.002434968948364258,3,20,1,0.005942821502685547,2
16,3,1,24,22,21,1,0.0016911029815673828,3,20,2,0.004899024963378906,2
16,3,2,24,21,20,1,0.0016489028930664062,3,21,0,0.004215240478515625,2
16,3,3,24,20,19,1,0.001642465591430664,3,20,0,0.004282474517822266,2
16,3,4,24,22,20,2,0.001672506332397461,3,22,0,0.008327007293701172,4
16,3,5,24,21,19,2,0.0016255378723144531,3,20,1,0.004199028015136719,2
16,3,6,24,20,19,1,0.0016529560089111328,3,19,1,0.006391286849975586,3
16,3,7,24,21,20,1,0.0016376972198486328,3,20,1,0.0062961578369140625,3
16,3,8,24,20,19,1,0.0016551017761230469,3,20,0,0.004315376281738281,2
16,3,9,24,20,20,0,0.0016894340515136719,3,19,1,0.004229307174682617,2
16,3,10,24,22,18,4,0.0016779899597167969,3,22,0,0.004354953765869141,2
16,3,11,24,21,21,0,0.0016739368438720703,3,21,0,0.006407260894775391,3
16,3,12,24,22,20,2,0.001661062240600586,3,22,0,0.0042591094970703125,2
16,3,13,24,21,20,1,0.0016968250274658203,3,20,1,0.004274606704711914,2
16,3,14,24,22,19,3,0.0016732215881347656,3,21,1,0.006662130355834961,3
16,3,15,24,20,18,2,0.0016345977783203125,3,19,1,0.006293535232543945,3
16,3,16,24,22,20,2,0.00164031982421875,3,22,0,0.008347511291503906,4
16,3,17,24,22,20,2,0.0016469955444335938,3,20,2,0.004183769226074219,2
16,3,18,24,20,20,0,0.0016515254974365234,3,19,1,0.004299163818359375,2
16,3,19,24,22,20,2,0.001669168472290039,3,20,2,0.006406307220458984,3
16,3,20,24,20,19,1,0.003522157669067383,3,19,1,0.01857590675354004,4
16,3,21,24,21,19,2,0.003471851348876953,3,20,1,0.013214349746704102,3
16,3,22,24,22,21,1,0.00351715087890625,3,20,2,0.00908207893371582,2
16,3,23,24,20,20,0,0.0034797191619873047,3,20,0,0.017499446868896484,4
16,3,24,24,21,20,1,0.003603219985961914,3,20,1,0.00913381576538086,2
16,3,25,24,20,20,0,0.0034606456756591797,3,20,0,0.009058237075805664,2
16,3,26,24,20,19,1,0.0035698413848876953,3,20,0,0.009280681610107422,2
16,3,27,24,21,21,0,0.0035309791564941406,3,21,0,0.009435176849365234,2
16,3,28,24,20,20,0,0.0035033226013183594,3,20,0,0.013432025909423828,3
16,3,29,24,21,20,1,0.003674030303955078,3,21,0,0.0230562686920166,5
16,4,0,32,26,24,2,0.00406956672668457,3,24,2,0.010567188262939453,2
16,4,1,32,26,24,2,0.004311084747314453,3,24,2,0.011571645736694336,2
16,4,2,32,24,24,0,0.0054111480712890625,3,22,2,0.012624025344848633,2
16,4,3,32,26,26,0,0.004105806350708008,3,26,0,0.011305809020996094,2
16,4,4,32,26,26,0,0.004058837890625,3,26,0,0.015696048736572266,3
16,4,5,32,26,26,0,0.004095792770385742,3,26,0,0.010688543319702148,2
16,4,6,32,28,26,2,0.0044291019439697266,3,28,0,0.010971546173095703,2
16,4,7,32,24,22,2,0.004103660583496094,3,24,0,0.010864734649658203,2
16,4,8,32,26,24,2,0.003991365432739258,3,24,2,0.010764122009277344,2
16,4,9,32,26,26,0,0.0039713382720947266,3,24,2,0.010833978652954102,2
16,4,10,32,24,22,2,0.0020051002502441406,3,24,0,0.005177021026611328,2
16,4,11,32,26,26,0,0.0019161701202392578,3,26,0,0.0075969696044921875,3
16,4,12,32,26,24,2,0.0040204524993896484,3,24,2,0.010727882385253906,2
16,4,13,32,26,26,0,0.004090785980224609,3,26,0,0.010896444320678711,2
16,4,14,32,24,24,0,0.005106687545776367,3,24,0,0.01684117317199707,3
16,4,15,32,28,28,0,0.0012233257293701172,3,28,0,0.0029630661010742188,2
16,4,16,32,28,28,0,0.0020732879638671875,3,28,0,0.005582571029663086,2
16,4,17,32,26,24,2,0.000985860824584961,3,26,0,0.005391597747802734,4
16,4,18,32,26,26,0,0.000988006591796875,3,22,4,0.0013041496276855469,1
16,4,19,32,26,26,0,0.0008699893951416016,3,22,4,0.0022068023681640625,2
16,4,20,32,28,26,2,0.0009074211120605469,3,24,4,0.0023293495178222656,2
16,4,21,32,26,26,0,0.0010101795196533203,3,26,0,0.0032508373260498047,2
16,4,22,32,26,26,0,0.005540370941162109,3,26,0,0.01342630386352539,2
16,4,23,32,26,22,4,0.0036699771881103516,3,26,0,0.0215911865234375,4
16,4,24,32,26,26,0,0.00413966178894043,3,26,0,0.010854244232177734,2
16,4,25,32,26,24,2,0.0054285526275634766,3,26,0,0.01401829719543457,2
16,4,26,32,24,24,0,0.004087924957275391,3,24,0,0.010660409927368164,2
16,4,27,32,26,26,0,0.00496363639831543,3,24,2,0.019014596939086914,3
16,4,28,32,26,26,0,0.004590511322021484,3,24,2,0.010875940322875977,2
16,4,29,32,28,24,4,0.004632472991943359,3,28,0,0.02489614486694336,3
16,5,0,40,30,26,4,0.004716396331787109,3,30,0,0.019181251525878906,3
16,5,1,40,30,28,2,0.005695819854736328,3,29,1,0.015821456909179688,2
16,5,2,40,31,30,1,0.004845142364501953,3,30,1,0.012639522552490234,2
16,5,3,40,31,30,1,0.004682779312133789,3,31,0,0.02472662925720215,4
16,5,4,40,31,30,1,0.005156278610229492,3,30,1,0.01250457763671875,2
16,5,5,40,32,31,1,0.004883527755737305,3,32,0,0.019411563873291016,3
16,5,6,40,32,32,0,0.00469207763671875,3,32,0,0.01884770393371582,3
16,5,7,40,34,29,5,0.00461578369140625,3,34,0,0.01945948600769043,3
16,5,8,40,31,31,0,0.006190061569213867,3,30,1,0.014342546463012695,2
16,5,9,40,31,28,3,0.00491642951965332,3,30,1,0.012443780899047852,2
16,5,10,40,31,28,3,0.005376100540161133,3,30,1,0.012832164764404297,2
16,5,11,40,31,27,4,0.004709005355834961,3,30,1,0.01901721954345703,3
16,5,12,40,30,30,0,0.00519561767578125,3,30,0,0.02684640884399414,4
16,5,13,40,30,28,2,0.004748344421386719,3,29,1,0.018848896026611328,3
16,5,14,40,32,32,0,0.00487518310546875,3,32,0,0.0238344669342041,4
16,5,15,40,34,34,0,0.004755735397338867,3,34,0,0.019020557403564453,3
16,5,16,40,32,30,2,0.0048351287841796875,3,32,0,0.024932384490966797,4
16,5,17,40,30,29,1,0.004881620407104492,3,28,2,0.012601137161254883,2
16,5,18,40,32,30,2,0.004779338836669922,3,32,0,0.018506526947021484,3
16,5,19,40,32,30,2,0.005009651184082031,3,32,0,0.018825531005859375,3
16,5,20,40,30,28,2,0.0046689510345458984,3,26,4,0.012409687042236328,2
16,5,21,40,34,34,0,0.004651069641113281,3,34,0,0.02492213249206543,4
16,5,22,40,31,31,0,0.004750251770019531,3,30,1,0.012628316879272461,2
16,5,23,40,31,29,2,0.004602193832397461,3,31,0,0.012383222579956055,2
16,5,24,40,32,30,2,0.0046842098236083984,3,32,0,0.012381553649902344,2
16,5,25,40,30,27,3,0.004922628402709961,3,30,0,0.01908397674560547,3
16,5,26,40,31,30,1,0.004708290100097656,3,29,2,0.012751579284667969,2
16,5,27,40,30,27,3,0.004540681838989258,3,28,2,0.01222848892211914,2
16,5,28,40,33,27,6,0.0048675537109375,3,28,5,0.019331932067871094,3
16,5,29,40,32,32,0,0.005021095275878906,3,32,0,0.025020599365234375,4
