attempt,tries,max_no_improvement,chainlength_patience,objective,avg_longest_chain,fails,runtime,best_so_far
0,50,98,54,22.4,22.4,0,63.605693101882935,22.4
1,6,34,66,22.0,22.0,0,103.63567519187927,22.0
2,63,52,39,22.4,22.4,0,66.13539099693298,22.0
3,62,46,75,21.8,21.8,0,137.81451106071472,21.8
4,28,65,18,23.0,23.0,0,52.64544463157654,21.8
5,37,18,97,20.6,20.6,0,103.72112727165222,20.6
6,13,80,33,22.4,22.4,0,42.30465579032898,20.6
7,69,91,78,21.8,21.8,0,122.39953875541687,20.6
8,19,40,13,23.2,23.2,0,20.42179775238037,20.6
9,94,10,88,20.4,20.4,0,62.4445436000824,20.4
10,43,61,72,22.2,22.2,0,40.894495248794556,20.4
11,13,46,56,22.4,22.4,0,32.65669226646423,20.4
12,41,79,82,21.8,21.8,0,98.76096200942993,20.4
13,27,71,62,22.4,22.4,0,82.33101606369019,20.4
14,57,67,34,22.4,22.4,0,65.53475737571716,20.4
15,8,71,2,25.8,25.8,0,36.771028995513916,20.4
16,12,93,52,22.4,22.4,0,73.61289715766907,20.4
17,91,86,81,21.8,21.8,0,140.6777777671814,20.4
18,1,79,64,22.4,22.4,0,82.70001578330994,20.4
19,43,32,94,21.8,21.8,0,132.67511892318726,20.4
20,42,91,9,24.8,24.8,0,42.124133586883545,20.4
21,25,73,29,22.4,22.4,0,63.856624364852905,20.4
22,31,19,70,20.8,20.8,0,109.67641162872314,20.4
23,58,12,11,21.8,21.8,0,54.2153103351593,20.4
24,41,66,63,22.4,22.4,0,78.87946462631226,20.4
25,14,39,71,22.2,22.2,0,93.42521476745605,20.4
26,38,91,16,23.2,23.2,0,49.65049958229065,20.4
27,71,43,70,22.2,22.2,0,93.21249485015869,20.4
28,27,78,71,22.2,22.2,0,88.4590003490448,20.4
29,76,37,57,22.0,22.0,0,100.51862502098083,20.4
30,12,77,50,22.4,22.4,0,73.21803593635559,20.4
31,41,74,31,22.4,22.4,0,63.019500494003296,20.4
32,38,24,25,21.4,21.4,0,69.318430185318,20.4
33,24,5,79,21.6,21.6,0,160.6684968471527,20.4
34,85,34,61,22.2,22.2,0,90.90408110618591,20.4
35,9,12,87,20.4,20.4,0,114.43687677383423,20.4
36,97,17,20,22.4,22.4,0,59.70119595527649,20.4
37,5,11,90,21.4,21.4,0,144.16962432861328,20.4
38,70,88,51,22.4,22.4,0,71.87145590782166,20.4
39,91,68,36,22.4,22.4,0,65.33448195457458,20.4
40,67,31,28,22.4,22.4,0,74.79596304893494,20.4
41,87,76,54,22.4,22.4,0,60.76335382461548,20.4
42,75,36,58,22.4,22.4,0,86.3358519077301,20.4
43,64,85,83,21.8,21.8,0,141.4474356174469,20.4
44,90,46,11,23.6,23.6,0,44.438713788986206,20.4
45,42,79,15,23.2,23.2,0,50.64742636680603,20.4
46,63,76,81,21.8,21.8,0,135.97308993339539,20.4
47,43,25,32,20.4,20.4,0,81.81291270256042,20.4
48,3,94,35,22.4,22.4,0,55.826197147369385,20.4
49,15,91,29,22.4,22.4,0,64.1137306690216,20.4
