kind,seed,n,d,edges,density,clustering,best_score,piece_size,overlap,tries,max_no_improvement,chainlength_patience
random,0,100,4.0,200,0.0404,0.03,142,34,1,40,84,34
random,1,114,7.0,399,0.0619,0.0464,208,25,0,1,1,75
random,2,126,5.0,315,0.04,0.0333,168,22,1,100,1,100
random,3,139,8.0,556,0.058,0.0409,274,28,1,84,30,100
random,4,152,6.0,456,0.0397,0.0276,220,25,1,43,85,25
random,5,165,4.0,330,0.0244,0.0121,178,28,0,100,1,100
random,6,178,7.0,623,0.0395,0.0281,283,28,2,100,1,100
random,7,192,5.0,480,0.0262,0.0203,228,28,0,38,55,30
random,8,204,8.0,816,0.0394,0.0352,352,28,0,100,1,1
random,9,217,6.0,651,0.0278,0.0175,282,28,0,1,100,100
random,10,230,4.0,460,0.0175,0.0043,218,28,2,100,100,100
random,11,244,7.0,854,0.0288,0.0211,347,28,0,17,6,86
random,12,256,5.0,640,0.0196,0.007,262,25,1,35,86,36
random,13,269,8.0,1076,0.0299,0.0215,416,20,1,76,11,48
random,14,282,6.0,846,0.0214,0.0099,348,28,0,100,100,1
random,15,295,4.0,590,0.0136,0.0085,230,25,2,86,22,28
random,16,108,7.0,378,0.0654,0.0569,190,23,0,84,1,86
random,17,120,5.0,300,0.042,0.0225,166,26,2,100,5,36
random,18,133,8.0,532,0.0606,0.0524,238,25,1,34,84,5
random,19,146,6.0,438,0.0414,0.0329,228,25,1,100,88,48
random,20,159,4.0,318,0.0253,0.0189,166,28,2,100,1,100
random,21,172,7.0,602,0.0409,0.0183,263,22,1,96,15,87
random,22,186,5.0,465,0.027,0.0323,219,28,0,100,1,100
random,23,198,8.0,792,0.0406,0.0346,348,27,1,40,83,43
random,24,211,6.0,633,0.0286,0.0171,268,22,0,84,11,5
random,25,224,4.0,448,0.0179,0.0112,204,28,1,86,67,100
random,26,238,7.0,833,0.0295,0.0228,373,28,1,43,61,34
random,27,250,5.0,625,0.0201,0.0156,280,28,2,1,1,100
random,28,263,8.0,1052,0.0305,0.0244,448,25,1,43,83,37
random,29,276,6.0,828,0.0218,0.0181,366,28,0,1,1,100
random,30,289,4.0,578,0.0139,0.0052,244,28,0,100,1,1
random,31,102,7.0,357,0.0693,0.0378,190,27,1,40,85,46
random,32,114,5.0,285,0.0442,0.0263,147,25,1,40,84,34
random,33,127,8.0,508,0.0635,0.0447,256,28,1,1,1,100
random,34,140,6.0,420,0.0432,0.0329,204,26,1,72,80,2
random,35,153,4.0,306,0.0263,0.0131,164,28,0,1,100,100
random,36,166,7.0,581,0.0424,0.0404,264,27,1,51,69,61
random,37,180,5.0,450,0.0279,0.0183,215,28,0,100,100,35
random,38,192,8.0,768,0.0419,0.0296,346,25,1,40,84,34
random,39,205,6.0,615,0.0294,0.0205,268,25,1,40,84,34
clustered,0,100,8.08,404,0.0816,0.2371,228,25,1,40,84,34
clustered,1,110,8.71,479,0.0799,0.2391,253,22,1,96,15,87
clustered,2,126,8.87,559,0.071,0.2194,295,28,1,1,63,63
clustered,3,138,10.12,698,0.0738,0.2226,371,24,0,1,1,1
clustered,4,147,9.25,680,0.0634,0.2112,355,26,0,45,1,100
clustered,5,160,9.36,749,0.0589,0.1972,384,25,1,14,82,41
clustered,6,176,10.41,916,0.0595,0.1847,436,25,1,40,81,27
clustered,7,189,10.38,981,0.0552,0.2043,440,21,2,11,97,66
clustered,8,200,10.98,1098,0.0552,0.1687,503,19,2,53,68,72
clustered,9,210,11.16,1172,0.0534,0.1609,561,25,1,10,66,1
clustered,10,220,10.45,1150,0.0477,0.1417,528,25,1,49,65,50
clustered,11,240,10.97,1316,0.0459,0.1436,541,22,1,51,74,66
clustered,12,252,11.77,1483,0.0469,0.1458,645,26,1,100,96,89
clustered,13,260,11.25,1463,0.0435,0.1363,666,28,0,1,100,100
clustered,14,280,11.86,1661,0.0425,0.1325,698,21,2,11,97,66
clustered,15,294,12.78,1879,0.0436,0.1311,786,28,2,1,63,51
clustered,16,105,9.3,488,0.0894,0.255,261,28,0,1,100,1
clustered,17,120,8.65,519,0.0727,0.221,277,28,0,100,1,100
clustered,18,132,9.8,647,0.0748,0.2111,340,25,1,40,84,34
clustered,19,140,9.2,644,0.0662,0.2104,324,25,2,94,75,76
clustered,20,154,10.43,803,0.0682,0.227,404,25,0,70,1,95
clustered,21,168,9.92,833,0.0594,0.1796,402,23,0,94,28,99
clustered,22,180,10.23,921,0.0572,0.1696,463,27,0,82,11,76
clustered,23,198,10.82,1071,0.0549,0.1891,507,21,0,100,1,98
clustered,24,210,10.4,1092,0.0498,0.1412,484,20,1,76,11,48
clustered,25,220,10.52,1157,0.048,0.1584,519,25,1,40,84,34
clustered,26,231,11.27,1302,0.049,0.1497,592,25,1,40,84,34
clustered,27,240,10.6,1272,0.0444,0.1303,581,28,1,63,81,91
clustered,28,260,11.65,1515,0.045,0.1351,651,22,1,96,15,87
clustered,29,273,11.82,1614,0.0435,0.1449,696,28,1,1,82,31
clustered,30,280,11.58,1621,0.0415,0.1381,624,22,1,96,15,87
clustered,31,100,8.18,409,0.0826,0.2163,240,28,2,100,38,100
clustered,32,110,9.53,524,0.0874,0.2683,290,28,2,1,100,1
clustered,33,126,9.57,603,0.0766,0.2233,323,28,2,100,1,95
clustered,34,140,9.01,631,0.0649,0.1958,323,22,1,96,15,87
clustered,35,147,9.32,685,0.0638,0.204,359,28,2,100,1,1
clustered,36,160,9.45,756,0.0594,0.1901,393,28,0,1,1,1
clustered,37,176,10.43,918,0.0596,0.1922,425,25,1,40,84,34
clustered,38,189,10.1,954,0.0537,0.165,450,28,2,100,1,100
clustered,39,200,10.3,1030,0.0518,0.1707,470,25,1,40,84,34
