seed,arm,score,pieces,severed,embedded,failed,max_chain,knobs
200,defaults,105.0,4,108,4,0,2,{}
200,cut_only,108.0,3,94,3,0,3,"{'piece_size': 16, 'overlap': 2, 'order_seed': 99}"
200,embed_only,102.0,4,108,4,0,2,"{'piece_size': 12, 'overlap': 1, 'order_seed': None, 'tries': 60, 'max_no_improvement': 85, 'chainlength_patience': 86}"
200,joint,108.0,3,91,3,0,3,"{'piece_size': 16, 'overlap': 2, 'order_seed': 65, 'tries': 18, 'max_no_improvement': 36, 'chainlength_patience': 75}"
201,defaults,115.0,4,122,4,0,2,{}
201,cut_only,112.0,3,104,3,0,2,"{'piece_size': 17, 'overlap': 2, 'order_seed': 0}"
201,embed_only,112.0,4,122,4,0,2,"{'piece_size': 12, 'overlap': 1, 'order_seed': None, 'tries': 60, 'max_no_improvement': 85, 'chainlength_patience': 86}"
201,joint,110.0,3,108,3,0,3,"{'piece_size': 15, 'overlap': 1, 'order_seed': 0, 'tries': 1, 'max_no_improvement': 1, 'chainlength_patience': 2}"
202,defaults,108.5,4,121,4,0,3,{}
202,cut_only,106.0,3,113,3,0,2,"{'piece_size': 14, 'overlap': 0, 'order_seed': 2}"
202,embed_only,106.0,4,121,4,0,2,"{'piece_size': 12, 'overlap': 1, 'order_seed': None, 'tries': 30, 'max_no_improvement': 7, 'chainlength_patience': 28}"
202,joint,108.0,3,96,3,0,3,"{'piece_size': 16, 'overlap': 2, 'order_seed': 63, 'tries': 7, 'max_no_improvement': 30, 'chainlength_patience': 67}"
203,defaults,110.5,4,114,4,0,3,{}
203,cut_only,114.0,3,118,3,0,2,"{'piece_size': 14, 'overlap': 0, 'order_seed': 99}"
203,embed_only,108.0,4,114,4,0,2,"{'piece_size': 12, 'overlap': 1, 'order_seed': None, 'tries': 60, 'max_no_improvement': 85, 'chainlength_patience': 86}"
203,joint,112.0,3,90,3,0,3,"{'piece_size': 17, 'overlap': 2, 'order_seed': 47, 'tries': 80, 'max_no_improvement': 53, 'chainlength_patience': 68}"
204,defaults,110.5,4,114,4,0,3,{}
204,cut_only,108.0,3,113,3,0,2,"{'piece_size': 16, 'overlap': 1, 'order_seed': 99}"
204,embed_only,108.0,4,114,4,0,2,"{'piece_size': 12, 'overlap': 1, 'order_seed': None, 'tries': 30, 'max_no_improvement': 7, 'chainlength_patience': 28}"
204,joint,108.0,3,89,3,0,3,"{'piece_size': 19, 'overlap': 0, 'order_seed': 27, 'tries': 48, 'max_no_improvement': 81, 'chainlength_patience': 49}"
205,defaults,113.0,4,119,4,0,2,{}
205,cut_only,110.0,4,101,4,0,2,"{'piece_size': 14, 'overlap': 2, 'order_seed': 3}"
205,embed_only,110.0,4,119,4,0,2,"{'piece_size': 12, 'overlap': 1, 'order_seed': None, 'tries': 60, 'max_no_improvement': 85, 'chainlength_patience': 86}"
205,joint,108.0,3,95,3,0,3,"{'piece_size': 17, 'overlap': 2, 'order_seed': 47, 'tries': 80, 'max_no_improvement': 53, 'chainlength_patience': 68}"
206,defaults,107.0,4,113,4,0,2,{}
206,cut_only,106.0,3,99,3,0,4,"{'piece_size': 17, 'overlap': 0, 'order_seed': 97}"
206,embed_only,104.0,4,113,4,0,2,"{'piece_size': 12, 'overlap': 1, 'order_seed': None, 'tries': 60, 'max_no_improvement': 85, 'chainlength_patience': 86}"
206,joint,108.0,3,92,3,0,2,"{'piece_size': 16, 'overlap': 2, 'order_seed': 65, 'tries': 18, 'max_no_improvement': 36, 'chainlength_patience': 75}"
207,defaults,104.5,4,115,4,0,3,{}
207,cut_only,112.0,3,108,3,0,3,"{'piece_size': 17, 'overlap': 0, 'order_seed': 3}"
207,embed_only,102.0,4,115,4,0,2,"{'piece_size': 12, 'overlap': 1, 'order_seed': None, 'tries': 60, 'max_no_improvement': 85, 'chainlength_patience': 86}"
207,joint,112.0,3,114,3,0,2,"{'piece_size': 14, 'overlap': 0, 'order_seed': 99, 'tries': 1, 'max_no_improvement': 1, 'chainlength_patience': 100}"
208,defaults,109.0,4,119,4,0,2,{}
208,cut_only,108.0,3,87,3,0,4,"{'piece_size': 17, 'overlap': 2, 'order_seed': 47}"
208,embed_only,106.0,4,119,4,0,2,"{'piece_size': 12, 'overlap': 1, 'order_seed': None, 'tries': 60, 'max_no_improvement': 85, 'chainlength_patience': 86}"
208,joint,112.0,3,90,3,0,3,"{'piece_size': 19, 'overlap': 0, 'order_seed': 27, 'tries': 48, 'max_no_improvement': 81, 'chainlength_patience': 49}"
209,defaults,108.5,4,117,4,0,3,{}
209,cut_only,106.0,3,92,3,0,4,"{'piece_size': 19, 'overlap': 0, 'order_seed': 27}"
209,embed_only,106.0,4,117,4,0,2,"{'piece_size': 12, 'overlap': 1, 'order_seed': None, 'tries': 85, 'max_no_improvement': 63, 'chainlength_patience': 39}"
209,joint,108.0,3,92,3,0,3,"{'piece_size': 19, 'overlap': 0, 'order_seed': 27, 'tries': 48, 'max_no_improvement': 81, 'chainlength_patience': 49}"
210,defaults,109.0,4,109,4,0,2,{}
210,cut_only,108.0,3,117,3,0,2,"{'piece_size': 14, 'overlap': 0, 'order_seed': 0}"
210,embed_only,106.0,4,109,4,0,2,"{'piece_size': 12, 'overlap': 1, 'order_seed': None, 'tries': 60, 'max_no_improvement': 85, 'chainlength_patience': 86}"
210,joint,106.0,3,90,3,0,3,"{'piece_size': 19, 'overlap': 0, 'order_seed': 27, 'tries': 48, 'max_no_improvement': 81, 'chainlength_patience': 49}"
211,defaults,115.0,4,109,4,0,2,{}
211,cut_only,110.0,3,92,3,0,3,"{'piece_size': 17, 'overlap': 2, 'order_seed': 65}"
211,embed_only,112.0,4,109,4,0,2,"{'piece_size': 12, 'overlap': 1, 'order_seed': None, 'tries': 60, 'max_no_improvement': 85, 'chainlength_patience': 86}"
211,joint,110.0,3,91,3,0,3,"{'piece_size': 18, 'overlap': 1, 'order_seed': 89, 'tries': 46, 'max_no_improvement': 62, 'chainlength_patience': 90}"
212,defaults,105.0,4,121,4,0,2,{}
212,cut_only,110.0,3,103,3,0,3,"{'piece_size': 16, 'overlap': 0, 'order_seed': 0}"
212,embed_only,102.0,4,121,4,0,2,"{'piece_size': 12, 'overlap': 1, 'order_seed': None, 'tries': 60, 'max_no_improvement': 85, 'chainlength_patience': 86}"
212,joint,112.0,4,101,4,0,2,"{'piece_size': 14, 'overlap': 2, 'order_seed': 33, 'tries': 16, 'max_no_improvement': 37, 'chainlength_patience': 30}"
213,defaults,109.0,4,117,4,0,2,{}
213,cut_only,110.0,3,92,3,0,2,"{'piece_size': 18, 'overlap': 0, 'order_seed': 99}"
213,embed_only,106.0,4,117,4,0,2,"{'piece_size': 12, 'overlap': 1, 'order_seed': None, 'tries': 60, 'max_no_improvement': 85, 'chainlength_patience': 86}"
213,joint,112.0,4,106,4,0,2,"{'piece_size': 14, 'overlap': 2, 'order_seed': 40, 'tries': 1, 'max_no_improvement': 22, 'chainlength_patience': 41}"
214,defaults,115.0,4,119,4,0,2,{}
214,cut_only,112.0,3,106,3,0,2,"{'piece_size': 16, 'overlap': 1, 'order_seed': 46}"
214,embed_only,112.0,4,119,4,0,2,"{'piece_size': 12, 'overlap': 1, 'order_seed': None, 'tries': 60, 'max_no_improvement': 85, 'chainlength_patience': 86}"
214,joint,112.0,3,98,3,0,3,"{'piece_size': 17, 'overlap': 1, 'order_seed': 21, 'tries': 14, 'max_no_improvement': 33, 'chainlength_patience': 16}"
215,defaults,111.0,4,112,4,0,2,{}
215,cut_only,108.0,3,103,3,0,3,"{'piece_size': 17, 'overlap': 2, 'order_seed': 98}"
215,embed_only,108.0,4,112,4,0,2,"{'piece_size': 12, 'overlap': 1, 'order_seed': None, 'tries': 60, 'max_no_improvement': 85, 'chainlength_patience': 86}"
215,joint,112.0,3,97,3,0,4,"{'piece_size': 16, 'overlap': 2, 'order_seed': 82, 'tries': 1, 'max_no_improvement': 100, 'chainlength_patience': 1}"
216,defaults,111.0,4,106,4,0,2,{}
216,cut_only,110.0,3,91,3,0,3,"{'piece_size': 17, 'overlap': 2, 'order_seed': 47}"
216,embed_only,108.0,4,106,4,0,2,"{'piece_size': 12, 'overlap': 1, 'order_seed': None, 'tries': 60, 'max_no_improvement': 85, 'chainlength_patience': 86}"
216,joint,112.0,3,104,3,0,2,"{'piece_size': 16, 'overlap': 2, 'order_seed': 65, 'tries': 18, 'max_no_improvement': 36, 'chainlength_patience': 75}"
217,defaults,109.0,4,112,4,0,2,{}
217,cut_only,110.0,3,94,3,0,3,"{'piece_size': 19, 'overlap': 0, 'order_seed': 27}"
217,embed_only,106.0,4,112,4,0,2,"{'piece_size': 12, 'overlap': 1, 'order_seed': None, 'tries': 60, 'max_no_improvement': 85, 'chainlength_patience': 86}"
217,joint,112.0,3,107,3,0,2,"{'piece_size': 16, 'overlap': 2, 'order_seed': 65, 'tries': 18, 'max_no_improvement': 36, 'chainlength_patience': 75}"
218,defaults,105.0,4,113,4,0,2,{}
218,cut_only,108.0,3,107,3,0,2,"{'piece_size': 14, 'overlap': 1, 'order_seed': 25}"
218,embed_only,102.0,4,113,4,0,2,"{'piece_size': 12, 'overlap': 1, 'order_seed': None, 'tries': 60, 'max_no_improvement': 85, 'chainlength_patience': 86}"
218,joint,106.0,3,87,3,0,3,"{'piece_size': 15, 'overlap': 2, 'order_seed': 96, 'tries': 100, 'max_no_improvement': 62, 'chainlength_patience': 99}"
219,defaults,113.0,4,114,4,0,2,{}
219,cut_only,110.0,3,90,3,0,3,"{'piece_size': 18, 'overlap': 2, 'order_seed': 0}"
219,embed_only,110.0,4,114,4,0,2,"{'piece_size': 12, 'overlap': 1, 'order_seed': None, 'tries': 60, 'max_no_improvement': 85, 'chainlength_patience': 86}"
219,joint,110.0,3,93,3,0,3,"{'piece_size': 18, 'overlap': 1, 'order_seed': 0, 'tries': 100, 'max_no_improvement': 63, 'chainlength_patience': 95}"
220,defaults,111.0,4,118,4,0,2,{}
220,cut_only,110.0,3,91,3,0,3,"{'piece_size': 17, 'overlap': 2, 'order_seed': 47}"
220,embed_only,108.0,4,118,4,0,2,"{'piece_size': 12, 'overlap': 1, 'order_seed': None, 'tries': 60, 'max_no_improvement': 85, 'chainlength_patience': 86}"
220,joint,110.0,3,91,3,0,3,"{'piece_size': 17, 'overlap': 2, 'order_seed': 47, 'tries': 80, 'max_no_improvement': 53, 'chainlength_patience': 68}"
221,defaults,112.5,4,117,4,0,3,{}
221,cut_only,112.0,3,91,3,0,3,"{'piece_size': 17, 'overlap': 2, 'order_seed': 75}"
221,embed_only,110.0,4,117,4,0,2,"{'piece_size': 12, 'overlap': 1, 'order_seed': None, 'tries': 85, 'max_no_improvement': 63, 'chainlength_patience': 39}"
221,joint,110.0,3,97,3,0,2,"{'piece_size': 19, 'overlap': 2, 'order_seed': 14, 'tries': 65, 'max_no_improvement': 72, 'chainlength_patience': 100}"
222,defaults,111.0,4,117,4,0,2,{}
222,cut_only,112.0,4,101,4,0,2,"{'piece_size': 14, 'overlap': 2, 'order_seed': 99}"
222,embed_only,108.0,4,117,4,0,2,"{'piece_size': 12, 'overlap': 1, 'order_seed': None, 'tries': 60, 'max_no_improvement': 85, 'chainlength_patience': 86}"
222,joint,112.0,3,92,3,0,3,"{'piece_size': 17, 'overlap': 2, 'order_seed': 47, 'tries': 80, 'max_no_improvement': 53, 'chainlength_patience': 68}"
223,defaults,105.0,4,113,4,0,2,{}
223,cut_only,114.0,3,103,3,0,3,"{'piece_size': 17, 'overlap': 2, 'order_seed': 47}"
223,embed_only,102.0,4,113,4,0,2,"{'piece_size': 12, 'overlap': 1, 'order_seed': None, 'tries': 60, 'max_no_improvement': 85, 'chainlength_patience': 86}"
223,joint,114.0,3,103,3,0,3,"{'piece_size': 17, 'overlap': 2, 'order_seed': 47, 'tries': 80, 'max_no_improvement': 53, 'chainlength_patience': 68}"
224,defaults,115.0,4,113,4,0,2,{}
224,cut_only,110.0,3,114,3,0,2,"{'piece_size': 14, 'overlap': 0, 'order_seed': 43}"
224,embed_only,112.0,4,113,4,0,2,"{'piece_size': 12, 'overlap': 1, 'order_seed': None, 'tries': 60, 'max_no_improvement': 85, 'chainlength_patience': 86}"
224,joint,112.0,3,106,3,0,2,"{'piece_size': 17, 'overlap': 2, 'order_seed': 47, 'tries': 80, 'max_no_improvement': 53, 'chainlength_patience': 68}"
225,defaults,109.0,4,105,4,0,2,{}
225,cut_only,108.0,3,102,3,0,3,"{'piece_size': 17, 'overlap': 2, 'order_seed': 47}"
225,embed_only,106.0,4,105,4,0,2,"{'piece_size': 12, 'overlap': 1, 'order_seed': None, 'tries': 60, 'max_no_improvement': 85, 'chainlength_patience': 86}"
225,joint,114.0,3,100,3,0,2,"{'piece_size': 18, 'overlap': 1, 'order_seed': 89, 'tries': 46, 'max_no_improvement': 62, 'chainlength_patience': 90}"
226,defaults,113.0,4,111,4,0,2,{}
226,cut_only,110.0,3,96,3,0,3,"{'piece_size': 16, 'overlap': 2, 'order_seed': 0}"
226,embed_only,110.0,4,111,4,0,2,"{'piece_size': 12, 'overlap': 1, 'order_seed': None, 'tries': 60, 'max_no_improvement': 85, 'chainlength_patience': 86}"
226,joint,114.0,3,106,3,0,2,"{'piece_size': 14, 'overlap': 0, 'order_seed': 0, 'tries': 100, 'max_no_improvement': 1, 'chainlength_patience': 100}"
227,defaults,111.0,4,115,4,0,2,{}
227,cut_only,108.0,3,102,3,0,3,"{'piece_size': 18, 'overlap': 0, 'order_seed': 38}"
227,embed_only,108.0,4,115,4,0,2,"{'piece_size': 12, 'overlap': 1, 'order_seed': None, 'tries': 60, 'max_no_improvement': 85, 'chainlength_patience': 86}"
227,joint,114.0,3,104,3,0,3,"{'piece_size': 17, 'overlap': 1, 'order_seed': 14, 'tries': 17, 'max_no_improvement': 39, 'chainlength_patience': 13}"
228,defaults,105.0,4,125,4,0,2,{}
228,cut_only,110.0,3,104,3,0,3,"{'piece_size': 16, 'overlap': 2, 'order_seed': 57}"
228,embed_only,102.0,4,125,4,0,2,"{'piece_size': 12, 'overlap': 1, 'order_seed': None, 'tries': 60, 'max_no_improvement': 85, 'chainlength_patience': 86}"
228,joint,106.0,3,105,3,0,2,"{'piece_size': 14, 'overlap': 0, 'order_seed': 0, 'tries': 94, 'max_no_improvement': 7, 'chainlength_patience': 82}"
229,defaults,109.0,4,117,4,0,2,{}
229,cut_only,110.0,3,90,3,0,3,"{'piece_size': 16, 'overlap': 2, 'order_seed': 21}"
229,embed_only,106.0,4,117,4,0,2,"{'piece_size': 12, 'overlap': 1, 'order_seed': None, 'tries': 60, 'max_no_improvement': 85, 'chainlength_patience': 86}"
229,joint,110.0,4,104,4,0,2,"{'piece_size': 14, 'overlap': 2, 'order_seed': 0, 'tries': 100, 'max_no_improvement': 100, 'chainlength_patience': 100}"
