n,d,seed,runtime,success,total_qubits,longest_chain,avg_chain
10,3,0,0.019542932510375977,True,16.0,3.0,1.6
10,3,1,0.017584562301635742,True,15.0,3.0,1.5
10,3,2,0.0220181941986084,True,17.0,2.0,1.7
10,3,3,0.02130293846130371,True,15.0,2.0,1.5
10,3,4,0.035042524337768555,True,18.0,2.0,1.8
10,3,5,0.02214670181274414,True,18.0,2.0,1.8
10,3,6,0.015107154846191406,True,15.0,3.0,1.5
10,3,7,0.013687372207641602,True,14.0,2.0,1.4
10,3,8,0.015235662460327148,True,16.0,3.0,1.6
10,3,9,0.016521215438842773,True,16.0,2.0,1.6
10,3,10,0.016071081161499023,True,18.0,2.0,1.8
10,3,11,0.012131214141845703,True,13.0,2.0,1.3
10,3,12,0.015315532684326172,True,16.0,2.0,1.6
10,3,13,0.01537322998046875,True,16.0,2.0,1.6
10,3,14,0.013101577758789062,True,14.0,2.0,1.4
10,3,15,0.016913652420043945,True,12.0,2.0,1.2
10,3,16,0.01543283462524414,True,14.0,2.0,1.4
10,3,17,0.02170729637145996,True,18.0,2.0,1.8
10,3,18,0.014119863510131836,True,13.0,2.0,1.3
10,3,19,0.015242576599121094,True,14.0,2.0,1.4
10,3,20,0.020427703857421875,True,17.0,2.0,1.7
10,3,21,0.027682065963745117,True,13.0,2.0,1.3
10,3,22,0.017325162887573242,True,14.0,2.0,1.4
10,3,23,0.018131494522094727,True,12.0,2.0,1.2
10,3,24,0.01826620101928711,True,16.0,3.0,1.6
10,3,25,0.015100955963134766,True,16.0,2.0,1.6
10,3,26,0.020595550537109375,True,17.0,2.0,1.7
10,3,27,0.012491941452026367,True,12.0,2.0,1.2
10,3,28,0.014321327209472656,True,12.0,2.0,1.2
10,3,29,0.018022775650024414,True,18.0,2.0,1.8
10,4,0,0.020283222198486328,True,19.0,3.0,1.9
10,4,1,0.026915788650512695,True,22.0,3.0,2.2
10,4,2,0.024367809295654297,True,18.0,4.0,1.8
10,4,3,0.021952390670776367,True,21.0,3.0,2.1
10,4,4,0.018246173858642578,True,17.0,3.0,1.7
10,4,5,0.02610468864440918,True,20.0,3.0,2.0
10,4,6,0.02357769012451172,True,20.0,3.0,2.0
10,4,7,0.026825428009033203,True,19.0,2.0,1.9
10,4,8,0.04157590866088867,True,21.0,3.0,2.1
10,4,9,0.04987978935241699,True,20.0,3.0,2.0
10,4,10,0.027348995208740234,True,19.0,4.0,1.9
10,4,11,0.027237415313720703,True,22.0,3.0,2.2
10,4,12,0.022122621536254883,True,20.0,2.0,2.0
10,4,13,0.023554086685180664,True,18.0,3.0,1.8
10,4,14,0.0243074893951416,True,19.0,3.0,1.9
10,4,15,0.030124187469482422,True,20.0,2.0,2.0
10,4,16,0.03516244888305664,True,21.0,3.0,2.1
10,4,17,0.026942968368530273,True,21.0,3.0,2.1
10,4,18,0.03092479705810547,True,21.0,3.0,2.1
10,4,19,0.03048849105834961,True,19.0,2.0,1.9
10,4,20,0.02043604850769043,True,21.0,3.0,2.1
10,4,21,0.03394913673400879,True,22.0,3.0,2.2
10,4,22,0.020833969116210938,True,20.0,3.0,2.0
10,4,23,0.031600236892700195,True,21.0,3.0,2.1
10,4,24,0.021980762481689453,True,18.0,2.0,1.8
10,4,25,0.029506206512451172,True,17.0,3.0,1.7
10,4,26,0.05632424354553223,True,20.0,3.0,2.0
10,4,27,0.028670787811279297,True,20.0,3.0,2.0
10,4,28,0.02526259422302246,True,21.0,3.0,2.1
10,4,29,0.023400068283081055,True,22.0,3.0,2.2
10,5,0,0.03379201889038086,True,23.0,3.0,2.3
10,5,1,0.030791282653808594,True,24.0,3.0,2.4
10,5,2,0.02807331085205078,True,24.0,3.0,2.4
10,5,3,0.02668285369873047,True,24.0,3.0,2.4
10,5,4,0.03155779838562012,True,24.0,4.0,2.4
10,5,5,0.041333913803100586,True,25.0,3.0,2.5
10,5,6,0.03141427040100098,True,23.0,3.0,2.3
10,5,7,0.03516101837158203,True,23.0,3.0,2.3
10,5,8,0.044716835021972656,True,23.0,3.0,2.3
10,5,9,0.0511326789855957,True,24.0,3.0,2.4
10,5,10,0.03079986572265625,True,22.0,3.0,2.2
10,5,11,0.022583961486816406,True,22.0,3.0,2.2
10,5,12,0.025326013565063477,True,23.0,3.0,2.3
10,5,13,0.03430533409118652,True,23.0,3.0,2.3
10,5,14,0.03564953804016113,True,24.0,3.0,2.4
10,5,15,0.029654979705810547,True,23.0,3.0,2.3
10,5,16,0.030661821365356445,True,22.0,3.0,2.2
10,5,17,0.033214569091796875,True,23.0,3.0,2.3
10,5,18,0.029897212982177734,True,22.0,3.0,2.2
10,5,19,0.028650522232055664,True,25.0,4.0,2.5
10,5,20,0.032865047454833984,True,23.0,3.0,2.3
10,5,21,0.052315711975097656,True,23.0,3.0,2.3
10,5,22,0.031061649322509766,True,23.0,3.0,2.3
10,5,23,0.026097774505615234,True,24.0,3.0,2.4
10,5,24,0.04620718955993652,True,24.0,3.0,2.4
10,5,25,0.035887718200683594,True,24.0,3.0,2.4
10,5,26,0.029282808303833008,True,22.0,3.0,2.2
10,5,27,0.028595924377441406,True,23.0,3.0,2.3
10,5,28,0.034746646881103516,True,24.0,3.0,2.4
10,5,29,0.028787612915039062,True,22.0,3.0,2.2
10,6,0,0.03369784355163574,True,28.0,4.0,2.8
10,6,1,0.0664987564086914,True,25.0,3.0,2.5
10,6,2,0.0517120361328125,True,28.0,4.0,2.8
10,6,3,0.04211783409118652,True,27.0,4.0,2.7
10,6,4,0.04620671272277832,True,24.0,3.0,2.4
10,6,5,0.03046560287475586,True,25.0,4.0,2.5
10,6,6,0.02938389778137207,True,26.0,3.0,2.6
10,6,7,0.02762126922607422,True,25.0,3.0,2.5
10,6,8,0.049559831619262695,True,25.0,3.0,2.5
10,6,9,0.036394357681274414,True,25.0,3.0,2.5
10,6,10,0.03687477111816406,True,24.0,3.0,2.4
10,6,11,0.040313005447387695,True,26.0,3.0,2.6
10,6,12,0.05384349822998047,True,25.0,3.0,2.5
10,6,13,0.04886889457702637,True,24.0,4.0,2.4
10,6,14,0.026120424270629883,True,24.0,3.0,2.4
10,6,15,0.04594898223876953,True,26.0,3.0,2.6
10,6,16,0.042748212814331055,True,25.0,3.0,2.5
10,6,17,0.03937697410583496,True,26.0,3.0,2.6
10,6,18,0.05231952667236328,True,25.0,4.0,2.5
10,6,19,0.05560469627380371,True,26.0,3.0,2.6
10,6,20,0.047048091888427734,True,25.0,3.0,2.5
10,6,21,0.036130428314208984,True,25.0,3.0,2.5
10,6,22,0.03122687339782715,True,25.0,3.0,2.5
10,6,23,0.03299117088317871,True,26.0,4.0,2.6
10,6,24,0.04823756217956543,True,26.0,3.0,2.6
10,6,25,0.04053521156311035,True,24.0,3.0,2.4
10,6,26,0.026483774185180664,True,24.0,3.0,2.4
10,6,27,0.048215389251708984,True,25.0,3.0,2.5
10,6,28,0.0396876335144043,True,25.0,3.0,2.5
10,6,29,0.03054046630859375,True,25.0,3.0,2.5
30,3,0,0.05537772178649902,True,49.0,3.0,1.6333333333333333
30,3,1,0.05827689170837402,True,53.0,3.0,1.7666666666666666
30,3,2,0.11490607261657715,True,57.0,3.0,1.9
30,3,3,0.04897737503051758,True,48.0,2.0,1.6
30,3,4,0.0804293155670166,True,55.0,3.0,1.8333333333333333
30,3,5,0.05651354789733887,True,59.0,3.0,1.9666666666666666
30,3,6,0.06660676002502441,True,53.0,3.0,1.7666666666666666
30,3,7,0.05079936981201172,True,48.0,3.0,1.6
30,3,8,0.04457998275756836,True,59.0,3.0,1.9666666666666666
30,3,9,0.05684614181518555,True,59.0,4.0,1.9666666666666666
30,3,10,0.055181026458740234,True,57.0,3.0,1.9
30,3,11,0.04233145713806152,True,55.0,3.0,1.8333333333333333
30,3,12,0.09427666664123535,True,58.0,3.0,1.9333333333333333
30,3,13,0.038041114807128906,True,50.0,3.0,1.6666666666666667
30,3,14,0.06850647926330566,True,55.0,3.0,1.8333333333333333
30,3,15,0.03912639617919922,True,56.0,3.0,1.8666666666666667
30,3,16,0.05290365219116211,True,50.0,3.0,1.6666666666666667
30,3,17,0.04651284217834473,True,49.0,3.0,1.6333333333333333
30,3,18,0.07446694374084473,True,57.0,3.0,1.9
30,3,19,0.05168509483337402,True,61.0,4.0,2.033333333333333
30,3,20,0.06526398658752441,True,54.0,3.0,1.8
30,3,21,0.03671574592590332,True,54.0,3.0,1.8
30,3,22,0.06285881996154785,True,58.0,3.0,1.9333333333333333
30,3,23,0.06171059608459473,True,53.0,3.0,1.7666666666666666
30,3,24,0.08632349967956543,True,58.0,3.0,1.9333333333333333
30,3,25,0.06709122657775879,True,50.0,3.0,1.6666666666666667
30,3,26,0.03512907028198242,True,49.0,4.0,1.6333333333333333
30,3,27,0.06493306159973145,True,52.0,3.0,1.7333333333333334
30,3,28,0.0634317398071289,True,58.0,3.0,1.9333333333333333
30,3,29,0.06251001358032227,True,49.0,3.0,1.6333333333333333
30,4,0,0.10239577293395996,True,77.0,5.0,2.566666666666667
30,4,1,0.09149932861328125,True,74.0,6.0,2.466666666666667
30,4,2,0.11435413360595703,True,78.0,4.0,2.6
30,4,3,0.11578130722045898,True,77.0,5.0,2.566666666666667
30,4,4,0.22979307174682617,True,82.0,4.0,2.7333333333333334
30,4,5,0.4183807373046875,True,88.0,6.0,2.933333333333333
30,4,6,0.08873248100280762,True,81.0,4.0,2.7
30,4,7,0.18705368041992188,True,76.0,4.0,2.533333333333333
30,4,8,0.17276978492736816,True,88.0,5.0,2.933333333333333
30,4,9,0.10025548934936523,True,81.0,5.0,2.7
30,4,10,0.15095806121826172,True,70.0,4.0,2.3333333333333335
30,4,11,0.28482604026794434,True,84.0,4.0,2.8
30,4,12,0.17852282524108887,True,84.0,4.0,2.8
30,4,13,0.2332897186279297,True,83.0,5.0,2.7666666666666666
30,4,14,0.10636091232299805,True,78.0,4.0,2.6
30,4,15,0.14800548553466797,True,85.0,5.0,2.8333333333333335
30,4,16,0.10162973403930664,True,71.0,4.0,2.3666666666666667
30,4,17,0.1333751678466797,True,76.0,4.0,2.533333333333333
30,4,18,0.16620898246765137,True,82.0,4.0,2.7333333333333334
30,4,19,0.10354423522949219,True,87.0,5.0,2.9
30,4,20,0.12555503845214844,True,68.0,4.0,2.2666666666666666
30,4,21,0.16516351699829102,True,80.0,5.0,2.6666666666666665
30,4,22,0.11428165435791016,True,71.0,4.0,2.3666666666666667
30,4,23,0.168212890625,True,72.0,4.0,2.4
30,4,24,0.11889457702636719,True,75.0,5.0,2.5
30,4,25,0.21262454986572266,True,76.0,4.0,2.533333333333333
30,4,26,0.24447894096374512,True,90.0,6.0,3.0
30,4,27,0.1441946029663086,True,78.0,4.0,2.6
30,4,28,0.1000680923461914,True,85.0,5.0,2.8333333333333335
30,4,29,0.13312602043151855,True,73.0,4.0,2.433333333333333
30,5,0,0.47289228439331055,True,99.0,5.0,3.3
30,5,1,0.31322169303894043,True,95.0,5.0,3.1666666666666665
30,5,2,0.39749789237976074,True,113.0,6.0,3.7666666666666666
30,5,3,0.2384939193725586,True,95.0,5.0,3.1666666666666665
30,5,4,0.23960185050964355,True,110.0,6.0,3.6666666666666665
30,5,5,0.2730095386505127,True,101.0,5.0,3.3666666666666667
30,5,6,0.2092430591583252,True,102.0,6.0,3.4
30,5,7,0.34592413902282715,True,102.0,6.0,3.4
30,5,8,0.21719741821289062,True,119.0,7.0,3.966666666666667
30,5,9,0.23375582695007324,True,108.0,5.0,3.6
30,5,10,0.42253613471984863,True,94.0,4.0,3.1333333333333333
30,5,11,0.3505840301513672,True,105.0,5.0,3.5
30,5,12,0.24380755424499512,True,111.0,6.0,3.7
30,5,13,0.18170714378356934,True,108.0,7.0,3.6
30,5,14,0.40902185440063477,True,115.0,6.0,3.8333333333333335
30,5,15,0.48799943923950195,True,102.0,5.0,3.4
30,5,16,0.2444314956665039,True,104.0,5.0,3.466666666666667
30,5,17,0.28484439849853516,True,103.0,6.0,3.433333333333333
30,5,18,0.1975252628326416,True,98.0,6.0,3.2666666666666666
30,5,19,0.46106791496276855,True,100.0,5.0,3.3333333333333335
30,5,20,0.26990795135498047,True,104.0,6.0,3.466666666666667
30,5,21,0.32726049423217773,True,108.0,6.0,3.6
30,5,22,0.28000855445861816,True,108.0,5.0,3.6
30,5,23,0.30815768241882324,True,97.0,5.0,3.2333333333333334
30,5,24,0.6262567043304443,True,101.0,5.0,3.3666666666666667
30,5,25,0.2545034885406494,True,105.0,5.0,3.5
30,5,26,0.15818309783935547,True,118.0,6.0,3.933333333333333
30,5,27,0.26311826705932617,True,111.0,7.0,3.7
30,5,28,0.3844945430755615,True,108.0,5.0,3.6
30,5,29,0.24236416816711426,True,107.0,6.0,3.566666666666667
30,6,0,0.8285913467407227,True,120.0,7.0,4.0
30,6,1,0.2868690490722656,True,122.0,6.0,4.066666666666666
30,6,2,0.5105898380279541,True,128.0,7.0,4.266666666666667
30,6,3,0.4234275817871094,True,141.0,7.0,4.7
30,6,4,0.5890605449676514,True,121.0,6.0,4.033333333333333
30,6,5,0.2701082229614258,True,133.0,7.0,4.433333333333334
30,6,6,0.3743717670440674,True,132.0,6.0,4.4
30,6,7,0.43035125732421875,True,121.0,6.0,4.033333333333333
30,6,8,0.3755369186401367,True,133.0,9.0,4.433333333333334
30,6,9,0.24898529052734375,True,127.0,7.0,4.233333333333333
30,6,10,0.4947967529296875,True,132.0,7.0,4.4
30,6,11,0.631920576095581,True,125.0,6.0,4.166666666666667
30,6,12,0.7032032012939453,True,128.0,7.0,4.266666666666667
30,6,13,0.3369879722595215,True,130.0,8.0,4.333333333333333
30,6,14,0.272000789642334,True,127.0,7.0,4.233333333333333
30,6,15,0.21925759315490723,True,134.0,8.0,4.466666666666667
30,6,16,0.4188668727874756,True,132.0,7.0,4.4
30,6,17,0.5148017406463623,True,130.0,7.0,4.333333333333333
30,6,18,0.4002647399902344,True,119.0,7.0,3.966666666666667
30,6,19,0.46355748176574707,True,127.0,7.0,4.233333333333333
30,6,20,0.395766019821167,True,146.0,8.0,4.866666666666666
30,6,21,0.5075380802154541,True,137.0,7.0,4.566666666666666
30,6,22,0.27827000617980957,True,134.0,7.0,4.466666666666667
30,6,23,0.7829232215881348,True,137.0,7.0,4.566666666666666
30,6,24,0.4984769821166992,True,132.0,7.0,4.4
30,6,25,0.3093571662902832,True,112.0,5.0,3.7333333333333334
30,6,26,0.5460398197174072,True,128.0,6.0,4.266666666666667
30,6,27,0.45381784439086914,True,121.0,6.0,4.033333333333333
30,6,28,0.251842737197876,True,126.0,7.0,4.2
30,6,29,0.46274256706237793,True,116.0,6.0,3.8666666666666667
50,3,0,0.17252421379089355,True,102.0,3.0,2.04
50,3,1,0.13304376602172852,True,99.0,4.0,1.98
50,3,2,0.2105400562286377,True,85.0,3.0,1.7
50,3,3,0.22539758682250977,True,90.0,4.0,1.8
50,3,4,0.22017765045166016,True,104.0,4.0,2.08
50,3,5,0.20869231224060059,True,92.0,4.0,1.84
50,3,6,0.16502976417541504,True,101.0,4.0,2.02
50,3,7,0.22597622871398926,True,94.0,3.0,1.88
50,3,8,0.19228839874267578,True,102.0,3.0,2.04
50,3,9,0.16518020629882812,True,102.0,4.0,2.04
50,3,10,0.11496233940124512,True,107.0,4.0,2.14
50,3,11,0.21985578536987305,True,121.0,5.0,2.42
50,3,12,0.1825118064880371,True,112.0,5.0,2.24
50,3,13,0.2565732002258301,True,114.0,5.0,2.28
50,3,14,0.20378780364990234,True,100.0,4.0,2.0
50,3,15,0.28190088272094727,True,98.0,4.0,1.96
50,3,16,0.23079514503479004,True,89.0,3.0,1.78
50,3,17,0.2749769687652588,True,92.0,3.0,1.84
50,3,18,0.19515299797058105,True,123.0,5.0,2.46
50,3,19,0.14309167861938477,True,105.0,4.0,2.1
50,3,20,0.1559300422668457,True,107.0,4.0,2.14
50,3,21,0.13727378845214844,True,92.0,3.0,1.84
50,3,22,0.23678326606750488,True,114.0,4.0,2.28
50,3,23,0.10507941246032715,True,98.0,4.0,1.96
50,3,24,0.15589046478271484,True,101.0,4.0,2.02
50,3,25,0.1158149242401123,True,106.0,4.0,2.12
50,3,26,0.1844332218170166,True,96.0,4.0,1.92
50,3,27,0.11065220832824707,True,103.0,5.0,2.06
50,3,28,0.13861441612243652,True,102.0,4.0,2.04
50,3,29,0.38599610328674316,True,93.0,4.0,1.86
50,4,0,0.47597694396972656,True,154.0,6.0,3.08
50,4,1,0.44637131690979004,True,151.0,5.0,3.02
50,4,2,0.4327859878540039,True,158.0,6.0,3.16
50,4,3,0.5494799613952637,True,167.0,7.0,3.34
50,4,4,0.34783148765563965,True,191.0,9.0,3.82
50,4,5,0.43271493911743164,True,158.0,6.0,3.16
50,4,6,0.29820966720581055,True,160.0,6.0,3.2
50,4,7,0.3567628860473633,True,158.0,5.0,3.16
50,4,8,0.4151577949523926,True,182.0,8.0,3.64
50,4,9,0.3329744338989258,True,159.0,6.0,3.18
50,4,10,0.2794828414916992,True,151.0,6.0,3.02
50,4,11,0.47156333923339844,True,175.0,7.0,3.5
50,4,12,0.37206196784973145,True,162.0,6.0,3.24
50,4,13,0.7157185077667236,True,134.0,4.0,2.68
50,4,14,0.5854434967041016,True,158.0,7.0,3.16
50,4,15,0.885669469833374,True,178.0,6.0,3.56
50,4,16,1.0057311058044434,True,172.0,7.0,3.44
50,4,17,0.6927134990692139,True,161.0,6.0,3.22
50,4,18,0.6395292282104492,True,168.0,7.0,3.36
50,4,19,0.8429737091064453,True,163.0,6.0,3.26
50,4,20,1.1954989433288574,True,169.0,7.0,3.38
50,4,21,0.7324485778808594,True,138.0,5.0,2.76
50,4,22,0.6953482627868652,True,152.0,6.0,3.04
50,4,23,0.637265682220459,True,155.0,6.0,3.1
50,4,24,0.5382177829742432,True,174.0,7.0,3.48
50,4,25,1.5052125453948975,True,156.0,6.0,3.12
50,4,26,0.7929096221923828,True,161.0,6.0,3.22
50,4,27,1.2377910614013672,True,159.0,6.0,3.18
50,4,28,0.8139958381652832,True,193.0,8.0,3.86
50,4,29,0.865708589553833,True,153.0,6.0,3.06
50,5,0,1.9175727367401123,True,227.0,10.0,4.54
50,5,1,1.1946864128112793,True,231.0,8.0,4.62
50,5,2,1.161604404449463,True,216.0,8.0,4.32
50,5,3,1.8459575176239014,True,193.0,7.0,3.86
50,5,4,1.1582987308502197,True,228.0,9.0,4.56
50,5,5,2.351306438446045,True,223.0,9.0,4.46
50,5,6,1.339296579360962,True,237.0,8.0,4.74
50,5,7,0.928253173828125,True,248.0,9.0,4.96
50,5,8,1.6091430187225342,True,234.0,8.0,4.68
50,5,9,1.3519034385681152,True,232.0,9.0,4.64
50,5,10,2.5670790672302246,True,238.0,9.0,4.76
50,5,11,1.3585789203643799,True,246.0,9.0,4.92
50,5,12,0.763740062713623,True,268.0,13.0,5.36
50,5,13,1.1324517726898193,True,221.0,7.0,4.42
50,5,14,2.358264446258545,True,207.0,8.0,4.14
50,5,15,1.2865386009216309,True,213.0,9.0,4.26
50,5,16,1.9307398796081543,True,231.0,10.0,4.62
50,5,17,2.068438768386841,True,226.0,8.0,4.52
50,5,18,1.4171767234802246,True,236.0,8.0,4.72
50,5,19,1.1621787548065186,True,227.0,7.0,4.54
50,5,20,0.8772068023681641,True,239.0,9.0,4.78
50,5,21,2.341885805130005,True,218.0,8.0,4.36
50,5,22,2.17781400680542,True,227.0,8.0,4.54
50,5,23,1.1916451454162598,True,211.0,8.0,4.22
50,5,24,1.93015718460083,True,244.0,9.0,4.88
50,5,25,1.3329100608825684,True,230.0,8.0,4.6
50,5,26,1.9414854049682617,True,220.0,8.0,4.4
50,5,27,1.1879136562347412,True,225.0,8.0,4.5
50,5,28,1.634594202041626,True,241.0,8.0,4.82
50,5,29,1.1561212539672852,True,230.0,9.0,4.6
50,6,0,2.274627447128296,True,266.0,10.0,5.32
50,6,1,2.3645076751708984,True,273.0,10.0,5.46
50,6,2,1.4484601020812988,True,248.0,8.0,4.96
50,6,3,6.620250940322876,True,296.0,10.0,5.92
50,6,4,2.2464871406555176,True,271.0,9.0,5.42
50,6,5,1.8408710956573486,True,269.0,10.0,5.38
50,6,6,2.0245249271392822,True,277.0,9.0,5.54
50,6,7,1.5395593643188477,True,294.0,12.0,5.88
50,6,8,1.6521198749542236,True,293.0,10.0,5.86
50,6,9,2.5474164485931396,True,337.0,11.0,6.74
50,6,10,3.310452699661255,True,273.0,10.0,5.46
50,6,11,2.0091609954833984,True,284.0,9.0,5.68
50,6,12,1.8387444019317627,True,278.0,9.0,5.56
50,6,13,2.185645580291748,True,293.0,11.0,5.86
50,6,14,1.8586900234222412,True,292.0,11.0,5.84
50,6,15,3.1313278675079346,True,314.0,11.0,6.28
50,6,16,1.8417863845825195,True,284.0,11.0,5.68
50,6,17,2.5943901538848877,True,288.0,10.0,5.76
50,6,18,3.984053373336792,True,280.0,11.0,5.6
50,6,19,1.7891550064086914,True,285.0,10.0,5.7
50,6,20,2.0412118434906006,True,272.0,10.0,5.44
50,6,21,2.93332839012146,True,294.0,9.0,5.88
50,6,22,3.589054822921753,True,291.0,11.0,5.82
50,6,23,2.572446346282959,True,285.0,11.0,5.7
50,6,24,1.6377973556518555,True,303.0,11.0,6.06
50,6,25,1.2274856567382812,True,281.0,10.0,5.62
50,6,26,2.053847551345825,True,291.0,11.0,5.82
50,6,27,3.2140164375305176,True,262.0,9.0,5.24
50,6,28,0.9603915214538574,True,308.0,11.0,6.16
50,6,29,1.756690263748169,True,260.0,9.0,5.2
70,3,0,0.6222982406616211,True,167.0,5.0,2.3857142857142857
70,3,1,0.6843206882476807,True,154.0,5.0,2.2
70,3,2,0.801405668258667,True,168.0,5.0,2.4
70,3,3,0.6545796394348145,True,168.0,5.0,2.4
70,3,4,0.3802475929260254,True,190.0,6.0,2.7142857142857144
70,3,5,1.2007746696472168,True,153.0,5.0,2.1857142857142855
70,3,6,0.9807136058807373,True,147.0,4.0,2.1
70,3,7,0.32239580154418945,True,193.0,7.0,2.757142857142857
70,3,8,0.6716539859771729,True,142.0,5.0,2.0285714285714285
70,3,9,1.0237617492675781,True,164.0,6.0,2.342857142857143
70,3,10,0.5420966148376465,True,141.0,4.0,2.0142857142857142
70,3,11,0.9069314002990723,True,145.0,5.0,2.0714285714285716
70,3,12,0.38601207733154297,True,163.0,4.0,2.3285714285714287
70,3,13,0.7033281326293945,True,165.0,4.0,2.357142857142857
70,3,14,0.5608055591583252,True,186.0,6.0,2.657142857142857
70,3,15,0.6659209728240967,True,154.0,5.0,2.2
70,3,16,0.8116400241851807,True,181.0,6.0,2.585714285714286
70,3,17,0.851456880569458,True,163.0,5.0,2.3285714285714287
70,3,18,0.48158812522888184,True,178.0,6.0,2.5428571428571427
70,3,19,0.45127391815185547,True,165.0,5.0,2.357142857142857
70,3,20,0.6197233200073242,True,185.0,5.0,2.642857142857143
70,3,21,0.7175297737121582,True,139.0,4.0,1.9857142857142858
70,3,22,0.5382444858551025,True,153.0,4.0,2.1857142857142855
70,3,23,0.6126885414123535,True,167.0,8.0,2.3857142857142857
70,3,24,0.487407922744751,True,144.0,4.0,2.057142857142857
70,3,25,0.7006983757019043,True,184.0,6.0,2.6285714285714286
70,3,26,0.41412782669067383,True,157.0,5.0,2.242857142857143
70,3,27,0.5250627994537354,True,176.0,5.0,2.5142857142857142
70,3,28,0.37901878356933594,True,161.0,5.0,2.3
70,3,29,0.682807445526123,True,151.0,4.0,2.157142857142857
70,4,0,1.234360694885254,True,275.0,9.0,3.9285714285714284
70,4,1,1.2718422412872314,True,268.0,8.0,3.8285714285714287
70,4,2,2.2205770015716553,True,280.0,7.0,4.0
70,4,3,1.3682467937469482,True,311.0,9.0,4.442857142857143
70,4,4,1.3424556255340576,True,290.0,8.0,4.142857142857143
70,4,5,1.989290475845337,True,290.0,8.0,4.142857142857143
70,4,6,0.9348843097686768,True,257.0,9.0,3.6714285714285713
70,4,7,2.2631595134735107,True,257.0,8.0,3.6714285714285713
70,4,8,0.9560420513153076,True,236.0,9.0,3.3714285714285714
70,4,9,2.0914132595062256,True,261.0,6.0,3.7285714285714286
70,4,10,2.7886135578155518,True,314.0,9.0,4.485714285714286
70,4,11,1.0838196277618408,True,258.0,7.0,3.6857142857142855
70,4,12,1.6572754383087158,True,278.0,8.0,3.9714285714285715
70,4,13,2.271883726119995,True,279.0,9.0,3.9857142857142858
70,4,14,1.2940943241119385,True,265.0,8.0,3.7857142857142856
70,4,15,0.6995375156402588,True,270.0,7.0,3.857142857142857
70,4,16,0.7832448482513428,True,281.0,8.0,4.014285714285714
70,4,17,1.259875774383545,True,327.0,11.0,4.671428571428572
70,4,18,1.8757405281066895,True,282.0,8.0,4.0285714285714285
70,4,19,1.5561110973358154,True,274.0,8.0,3.914285714285714
70,4,20,1.0986042022705078,True,245.0,8.0,3.5
70,4,21,1.9739959239959717,True,295.0,9.0,4.214285714285714
70,4,22,1.0493240356445312,True,260.0,8.0,3.7142857142857144
70,4,23,1.093674898147583,True,253.0,9.0,3.6142857142857143
70,4,24,1.3591852188110352,True,281.0,9.0,4.014285714285714
70,4,25,1.6793813705444336,True,267.0,7.0,3.8142857142857145
70,4,26,1.5173933506011963,True,303.0,9.0,4.328571428571428
70,4,27,1.1339101791381836,True,259.0,8.0,3.7
70,4,28,1.24534273147583,True,253.0,8.0,3.6142857142857143
70,4,29,1.6255114078521729,True,310.0,9.0,4.428571428571429
70,5,0,2.5037155151367188,True,407.0,11.0,5.814285714285714
70,5,1,3.916287899017334,True,390.0,11.0,5.571428571428571
70,5,2,3.471336841583252,True,373.0,12.0,5.328571428571428
70,5,3,1.2715837955474854,True,382.0,13.0,5.457142857142857
70,5,4,0.9759819507598877,True,460.0,15.0,6.571428571428571
70,5,5,2.1837472915649414,True,367.0,10.0,5.242857142857143
70,5,6,2.5245113372802734,True,405.0,11.0,5.785714285714286
70,5,7,3.032898187637329,True,386.0,11.0,5.514285714285714
70,5,8,2.7002904415130615,True,404.0,12.0,5.771428571428571
70,5,9,3.3179779052734375,True,409.0,14.0,5.8428571428571425
70,5,10,3.7575714588165283,True,416.0,13.0,5.942857142857143
70,5,11,1.9229321479797363,True,368.0,11.0,5.257142857142857
70,5,12,2.0401058197021484,True,451.0,13.0,6.442857142857143
70,5,13,2.0283617973327637,True,364.0,12.0,5.2
70,5,14,2.378800392150879,True,373.0,11.0,5.328571428571428
70,5,15,2.541015386581421,True,370.0,12.0,5.285714285714286
70,5,16,2.5370311737060547,True,384.0,11.0,5.485714285714286
70,5,17,2.1958658695220947,True,394.0,12.0,5.628571428571429
70,5,18,3.591649293899536,True,394.0,10.0,5.628571428571429
70,5,19,1.6890285015106201,True,365.0,11.0,5.214285714285714
70,5,20,1.9812836647033691,True,406.0,13.0,5.8
70,5,21,1.4312200546264648,True,412.0,12.0,5.885714285714286
70,5,22,2.8027091026306152,True,409.0,11.0,5.8428571428571425
70,5,23,3.277291774749756,True,367.0,11.0,5.242857142857143
70,5,24,1.5004773139953613,True,396.0,11.0,5.6571428571428575
70,5,25,1.7707226276397705,True,384.0,12.0,5.485714285714286
70,5,26,1.875537633895874,True,386.0,12.0,5.514285714285714
70,5,27,1.809255838394165,True,352.0,9.0,5.0285714285714285
70,5,28,2.6241517066955566,True,400.0,13.0,5.714285714285714
70,5,29,1.8552923202514648,True,421.0,10.0,6.014285714285714
70,6,0,2.833005428314209,True,455.0,12.0,6.5
70,6,1,3.231496572494507,True,522.0,16.0,7.457142857142857
70,6,2,5.253479242324829,True,491.0,13.0,7.014285714285714
70,6,3,5.2475104331970215,True,459.0,13.0,6.557142857142857
70,6,4,4.93593168258667,True,453.0,12.0,6.4714285714285715
70,6,5,6.746603012084961,True,485.0,13.0,6.928571428571429
70,6,6,2.9347267150878906,True,491.0,13.0,7.014285714285714
70,6,7,2.293450355529785,True,536.0,15.0,7.6571428571428575
70,6,8,2.714337110519409,True,497.0,13.0,7.1
70,6,9,2.5427491664886475,True,485.0,13.0,6.928571428571429
70,6,10,4.450668573379517,True,470.0,12.0,6.714285714285714
70,6,11,5.359054088592529,True,500.0,14.0,7.142857142857143
70,6,12,4.664474010467529,True,465.0,11.0,6.642857142857143
70,6,13,7.657808780670166,True,479.0,13.0,6.8428571428571425
70,6,14,6.343788146972656,True,475.0,14.0,6.785714285714286
70,6,15,4.128619432449341,True,508.0,14.0,7.257142857142857
70,6,16,4.09819769859314,True,515.0,14.0,7.357142857142857
70,6,17,3.0252346992492676,True,486.0,17.0,6.942857142857143
70,6,18,2.8761096000671387,True,488.0,14.0,6.9714285714285715
70,6,19,6.6730711460113525,True,485.0,13.0,6.928571428571429
70,6,20,3.86234450340271,True,498.0,13.0,7.114285714285714
70,6,21,4.536823749542236,True,447.0,13.0,6.385714285714286
70,6,22,3.6615312099456787,True,488.0,13.0,6.9714285714285715
70,6,23,8.359939336776733,True,481.0,12.0,6.871428571428571
70,6,24,3.767381191253662,True,491.0,12.0,7.014285714285714
70,6,25,2.9847209453582764,True,477.0,12.0,6.814285714285714
70,6,26,4.670816898345947,True,479.0,13.0,6.8428571428571425
70,6,27,6.895171880722046,True,481.0,13.0,6.871428571428571
70,6,28,3.648681640625,True,507.0,14.0,7.242857142857143
70,6,29,2.863414764404297,True,496.0,16.0,7.085714285714285
90,3,0,0.948936939239502,True,259.0,6.0,2.8777777777777778
90,3,1,0.9648618698120117,True,248.0,6.0,2.7555555555555555
90,3,2,0.9205477237701416,True,239.0,6.0,2.6555555555555554
90,3,3,1.2864999771118164,True,291.0,9.0,3.2333333333333334
90,3,4,0.9175419807434082,True,235.0,6.0,2.611111111111111
90,3,5,0.7900686264038086,True,245.0,6.0,2.7222222222222223
90,3,6,0.8491044044494629,True,229.0,7.0,2.5444444444444443
90,3,7,0.6394948959350586,True,245.0,8.0,2.7222222222222223
90,3,8,1.2731728553771973,True,218.0,5.0,2.422222222222222
90,3,9,1.5235660076141357,True,225.0,6.0,2.5
90,3,10,0.9113059043884277,True,217.0,5.0,2.411111111111111
90,3,11,0.9862964153289795,True,226.0,6.0,2.511111111111111
90,3,12,0.731008768081665,True,222.0,7.0,2.466666666666667
90,3,13,0.9476094245910645,True,229.0,6.0,2.5444444444444443
90,3,14,1.1763858795166016,True,249.0,6.0,2.7666666666666666
90,3,15,0.9156463146209717,True,235.0,6.0,2.611111111111111
90,3,16,0.9946873188018799,True,240.0,7.0,2.6666666666666665
90,3,17,0.9395825862884521,True,219.0,5.0,2.433333333333333
90,3,18,1.3088462352752686,True,231.0,5.0,2.566666666666667
90,3,19,1.1699001789093018,True,221.0,5.0,2.4555555555555557
90,3,20,0.5579578876495361,True,215.0,5.0,2.388888888888889
90,3,21,0.8151493072509766,True,220.0,5.0,2.4444444444444446
90,3,22,1.1978118419647217,True,224.0,6.0,2.488888888888889
90,3,23,0.7462372779846191,True,238.0,6.0,2.6444444444444444
90,3,24,0.5916955471038818,True,227.0,6.0,2.522222222222222
90,3,25,0.37196874618530273,True,201.0,4.0,2.2333333333333334
90,3,26,0.2978246212005615,True,228.0,6.0,2.533333333333333
90,3,27,0.4675164222717285,True,223.0,6.0,2.477777777777778
90,3,28,0.8575849533081055,True,234.0,6.0,2.6
90,3,29,0.8645637035369873,True,201.0,5.0,2.2333333333333334
90,4,0,1.764737606048584,True,397.0,9.0,4.411111111111111
90,4,1,3.2705512046813965,True,396.0,9.0,4.4
90,4,2,2.059687852859497,True,367.0,7.0,4.0777777777777775
90,4,3,1.447638988494873,True,406.0,10.0,4.511111111111111
90,4,4,2.34403657913208,True,373.0,9.0,4.144444444444445
90,4,5,1.3748140335083008,True,403.0,9.0,4.477777777777778
90,4,6,1.898057460784912,True,401.0,10.0,4.455555555555556
90,4,7,1.5077228546142578,True,375.0,10.0,4.166666666666667
90,4,8,3.3215837478637695,True,425.0,10.0,4.722222222222222
90,4,9,1.095365047454834,True,395.0,10.0,4.388888888888889
90,4,10,1.203979730606079,True,442.0,12.0,4.911111111111111
90,4,11,2.702549934387207,True,435.0,10.0,4.833333333333333
90,4,12,2.501309394836426,True,402.0,9.0,4.466666666666667
90,4,13,2.1096155643463135,True,362.0,9.0,4.022222222222222
90,4,14,1.9642488956451416,True,431.0,12.0,4.788888888888889
90,4,15,1.4067120552062988,True,423.0,11.0,4.7
90,4,16,2.278073787689209,True,430.0,11.0,4.777777777777778
90,4,17,2.3297512531280518,True,390.0,10.0,4.333333333333333
90,4,18,2.2163374423980713,True,389.0,9.0,4.322222222222222
90,4,19,1.8142426013946533,True,439.0,11.0,4.877777777777778
90,4,20,2.159371852874756,True,359.0,9.0,3.988888888888889
90,4,21,1.9535903930664062,True,394.0,9.0,4.377777777777778
90,4,22,1.8396797180175781,True,417.0,10.0,4.633333333333334
90,4,23,1.1354873180389404,True,365.0,10.0,4.055555555555555
90,4,24,2.146314859390259,True,396.0,11.0,4.4
90,4,25,1.991300106048584,True,387.0,9.0,4.3
90,4,26,1.242192268371582,True,436.0,10.0,4.844444444444444
90,4,27,0.3059723377227783,True,391.0,10.0,4.344444444444444
90,4,28,0.4265756607055664,True,460.0,11.0,5.111111111111111
90,4,29,0.4133725166320801,True,378.0,10.0,4.2
90,5,0,1.2765917778015137,True,619.0,15.0,6.877777777777778
90,5,1,1.2201385498046875,True,561.0,13.0,6.233333333333333
90,5,2,2.066958427429199,True,652.0,17.0,7.2444444444444445
90,5,3,1.0804522037506104,True,646.0,18.0,7.177777777777778
90,5,4,0.46216773986816406,True,594.0,15.0,6.6
90,5,5,0.7605457305908203,True,603.0,15.0,6.7
90,5,6,1.003401279449463,True,629.0,15.0,6.988888888888889
90,5,7,2.3165788650512695,True,608.0,13.0,6.7555555555555555
90,5,8,0.9299519062042236,True,538.0,14.0,5.977777777777778
90,5,9,0.658092737197876,True,553.0,14.0,6.144444444444445
90,5,10,0.7651858329772949,True,643.0,16.0,7.144444444444445
90,5,11,0.6558659076690674,True,600.0,15.0,6.666666666666667
90,5,12,2.0036892890930176,True,563.0,15.0,6.2555555555555555
90,5,13,5.3216938972473145,True,578.0,12.0,6.4222222222222225
90,5,14,3.8228845596313477,True,569.0,13.0,6.322222222222222
90,5,15,3.435178756713867,True,544.0,14.0,6.044444444444444
90,5,16,2.5496129989624023,True,506.0,12.0,5.622222222222222
90,5,17,3.381441116333008,True,567.0,14.0,6.3
90,5,18,5.020306825637817,True,619.0,15.0,6.877777777777778
90,5,19,2.1581501960754395,True,592.0,13.0,6.5777777777777775
90,5,20,3.328294038772583,True,556.0,15.0,6.177777777777778
90,5,21,1.8960440158843994,True,535.0,13.0,5.944444444444445
90,5,22,2.607163906097412,True,549.0,14.0,6.1
90,5,23,4.177737236022949,True,539.0,13.0,5.988888888888889
90,5,24,2.798504590988159,True,570.0,14.0,6.333333333333333
90,5,25,3.7293930053710938,True,521.0,12.0,5.788888888888889
90,5,26,3.6529901027679443,True,583.0,14.0,6.477777777777778
90,5,27,5.551297664642334,True,558.0,14.0,6.2
90,5,28,3.2829010486602783,True,530.0,15.0,5.888888888888889
90,5,29,1.8651480674743652,True,637.0,16.0,7.0777777777777775
90,6,0,2.8540987968444824,True,737.0,18.0,8.188888888888888
90,6,1,5.152692556381226,True,773.0,17.0,8.588888888888889
90,6,2,4.659538507461548,True,740.0,17.0,8.222222222222221
90,6,3,4.405267238616943,True,730.0,17.0,8.11111111111111
90,6,4,10.369735479354858,True,743.0,16.0,8.255555555555556
90,6,5,3.8878815174102783,True,713.0,18.0,7.9222222222222225
90,6,6,3.0186350345611572,True,866.0,19.0,9.622222222222222
90,6,7,3.058872699737549,True,705.0,16.0,7.833333333333333
90,6,8,5.643698692321777,True,692.0,15.0,7.688888888888889
90,6,9,4.644377708435059,True,731.0,17.0,8.122222222222222
90,6,10,5.413386106491089,True,744.0,17.0,8.266666666666667
90,6,11,3.936680555343628,True,711.0,17.0,7.9
90,6,12,5.504086256027222,True,774.0,18.0,8.6
90,6,13,4.990628957748413,True,813.0,19.0,9.033333333333333
90,6,14,6.170248508453369,True,762.0,20.0,8.466666666666667
90,6,15,5.87638521194458,True,753.0,18.0,8.366666666666667
90,6,16,3.793966054916382,True,737.0,16.0,8.188888888888888
90,6,17,10.66654658317566,True,787.0,19.0,8.744444444444444
90,6,18,5.653775453567505,True,778.0,16.0,8.644444444444444
90,6,19,4.111304998397827,True,751.0,17.0,8.344444444444445
90,6,20,5.557474613189697,True,725.0,13.0,8.055555555555555
90,6,21,5.64853835105896,True,759.0,17.0,8.433333333333334
90,6,22,4.974287509918213,True,831.0,19.0,9.233333333333333
90,6,23,5.407443046569824,True,763.0,17.0,8.477777777777778
90,6,24,3.2118568420410156,True,734.0,18.0,8.155555555555555
90,6,25,4.9083521366119385,True,773.0,18.0,8.588888888888889
90,6,26,3.564298629760742,True,717.0,15.0,7.966666666666667
90,6,27,4.9732584953308105,True,766.0,16.0,8.511111111111111
90,6,28,5.440728187561035,True,710.0,16.0,7.888888888888889
90,6,29,6.399788856506348,True,750.0,14.0,8.333333333333334
110,3,0,1.6882038116455078,True,319.0,7.0,2.9
110,3,1,0.699246883392334,True,305.0,8.0,2.772727272727273
110,3,2,1.3838322162628174,True,299.0,6.0,2.7181818181818183
110,3,3,2.8601016998291016,True,377.0,8.0,3.4272727272727272
110,3,4,1.1718993186950684,True,271.0,5.0,2.463636363636364
110,3,5,1.5270593166351318,True,332.0,7.0,3.018181818181818
110,3,6,1.4408037662506104,True,288.0,6.0,2.618181818181818
110,3,7,1.0950980186462402,True,326.0,7.0,2.963636363636364
110,3,8,0.9337136745452881,True,309.0,6.0,2.809090909090909
110,3,9,1.1000120639801025,True,306.0,6.0,2.7818181818181817
110,3,10,5.215548753738403,True,266.0,5.0,2.418181818181818
110,3,11,1.567213773727417,True,293.0,7.0,2.6636363636363636
110,3,12,1.513047218322754,True,272.0,6.0,2.4727272727272727
110,3,13,1.2468464374542236,True,303.0,6.0,2.7545454545454544
110,3,14,0.8649835586547852,True,317.0,6.0,2.881818181818182
110,3,15,1.7000110149383545,True,296.0,6.0,2.690909090909091
110,3,16,1.822148084640503,True,267.0,5.0,2.4272727272727272
110,3,17,1.282560110092163,True,285.0,6.0,2.590909090909091
110,3,18,1.147073745727539,True,299.0,7.0,2.7181818181818183
110,3,19,1.023014783859253,True,297.0,7.0,2.7
110,3,20,0.9451920986175537,True,314.0,7.0,2.8545454545454545
110,3,21,1.0583088397979736,True,344.0,8.0,3.1272727272727274
110,3,22,1.2669382095336914,True,374.0,8.0,3.4
110,3,23,1.0209143161773682,True,324.0,7.0,2.9454545454545453
110,3,24,1.2362337112426758,True,299.0,6.0,2.7181818181818183
110,3,25,1.6557440757751465,True,293.0,6.0,2.6636363636363636
110,3,26,1.2762763500213623,True,281.0,6.0,2.5545454545454547
110,3,27,1.8120458126068115,True,297.0,6.0,2.7
110,3,28,1.525766372680664,True,289.0,6.0,2.6272727272727274
110,3,29,4.85795259475708,True,299.0,6.0,2.7181818181818183
110,4,0,3.135777711868286,True,563.0,13.0,5.118181818181818
110,4,1,1.8141326904296875,True,636.0,14.0,5.781818181818182
110,4,2,1.3601787090301514,True,550.0,11.0,5.0
110,4,3,1.5495319366455078,True,616.0,12.0,5.6
110,4,4,1.111473798751831,True,531.0,14.0,4.827272727272727
110,4,5,1.2817354202270508,True,562.0,13.0,5.109090909090909
110,4,6,1.4895763397216797,True,583.0,12.0,5.3
110,4,7,2.026745080947876,True,522.0,11.0,4.745454545454545
110,4,8,1.1624343395233154,True,591.0,12.0,5.372727272727273
110,4,9,1.0002002716064453,True,611.0,15.0,5.554545454545455
110,4,10,2.071638822555542,True,577.0,13.0,5.245454545454545
110,4,11,1.2313117980957031,True,588.0,14.0,5.345454545454546
110,4,12,1.1965789794921875,True,520.0,11.0,4.7272727272727275
110,4,13,1.0662102699279785,True,518.0,10.0,4.709090909090909
110,4,14,1.6378753185272217,True,615.0,15.0,5.590909090909091
110,4,15,1.1824414730072021,True,581.0,11.0,5.281818181818182
110,4,16,1.4578895568847656,True,490.0,11.0,4.454545454545454
110,4,17,1.0340280532836914,True,543.0,11.0,4.9363636363636365
110,4,18,1.2718703746795654,True,527.0,11.0,4.790909090909091
110,4,19,0.7029967308044434,True,569.0,12.0,5.172727272727273
110,4,20,1.0627655982971191,True,491.0,12.0,4.463636363636364
110,4,21,0.9278974533081055,True,486.0,11.0,4.418181818181818
110,4,22,0.8437743186950684,True,519.0,11.0,4.718181818181818
110,4,23,0.7297611236572266,True,552.0,12.0,5.0181818181818185
110,4,24,1.191589117050171,True,622.0,15.0,5.654545454545454
110,4,25,1.0898571014404297,True,559.0,11.0,5.081818181818182
110,4,26,1.6065285205841064,True,520.0,10.0,4.7272727272727275
110,4,27,1.443378210067749,True,475.0,9.0,4.318181818181818
110,4,28,1.1972386837005615,True,500.0,11.0,4.545454545454546
110,4,29,1.386687994003296,True,498.0,9.0,4.527272727272727
110,5,0,3.362565279006958,True,812.0,17.0,7.381818181818182
110,5,1,1.448746681213379,True,863.0,18.0,7.845454545454546
110,5,2,2.653062343597412,True,903.0,19.0,8.209090909090909
110,5,3,7.068871974945068,True,789.0,14.0,7.172727272727273
110,5,4,4.262115240097046,True,844.0,18.0,7.672727272727273
110,5,5,6.466523885726929,True,792.0,15.0,7.2
110,5,6,3.5583319664001465,True,833.0,17.0,7.572727272727272
110,5,7,5.999053239822388,True,864.0,17.0,7.8545454545454545
110,5,8,4.011837005615234,True,867.0,20.0,7.881818181818182
110,5,9,5.497177839279175,True,805.0,16.0,7.318181818181818
110,5,10,5.778122663497925,True,792.0,15.0,7.2
110,5,11,3.4690968990325928,True,832.0,18.0,7.5636363636363635
110,5,12,4.761078834533691,True,903.0,18.0,8.209090909090909
110,5,13,4.048938274383545,True,799.0,17.0,7.263636363636364
110,5,14,3.9474096298217773,True,820.0,16.0,7.454545454545454
110,5,15,5.367489814758301,True,815.0,16.0,7.409090909090909
110,5,16,3.4427902698516846,True,901.0,17.0,8.190909090909091
110,5,17,3.8171470165252686,True,800.0,18.0,7.2727272727272725
110,5,18,4.986382484436035,True,809.0,15.0,7.3545454545454545
110,5,19,5.560543537139893,True,782.0,15.0,7.109090909090909
110,5,20,6.793750047683716,True,812.0,16.0,7.381818181818182
110,5,21,3.6257171630859375,True,812.0,17.0,7.381818181818182
110,5,22,4.510878801345825,True,828.0,16.0,7.527272727272727
110,5,23,4.79477334022522,True,796.0,15.0,7.236363636363636
110,5,24,3.4991252422332764,True,823.0,17.0,7.4818181818181815
110,5,25,3.0287723541259766,True,765.0,15.0,6.954545454545454
110,5,26,3.280663251876831,True,832.0,16.0,7.5636363636363635
110,5,27,2.9266035556793213,True,900.0,20.0,8.181818181818182
110,5,28,5.795204401016235,True,823.0,17.0,7.4818181818181815
110,5,29,4.813802242279053,True,832.0,18.0,7.5636363636363635
110,6,0,5.128903388977051,True,1066.0,21.0,9.690909090909091
110,6,1,5.8688812255859375,True,1118.0,20.0,10.163636363636364
110,6,2,5.639370918273926,True,1052.0,22.0,9.563636363636364
110,6,3,5.08889102935791,True,1076.0,22.0,9.781818181818181
110,6,4,6.255229711532593,True,1207.0,22.0,10.972727272727273
110,6,5,6.27284049987793,True,1103.0,22.0,10.027272727272727
110,6,6,6.521752119064331,True,1078.0,22.0,9.8
110,6,7,8.255512714385986,True,1035.0,22.0,9.409090909090908
110,6,8,9.536739587783813,True,1063.0,21.0,9.663636363636364
110,6,9,4.387212038040161,True,1122.0,22.0,10.2
110,6,10,5.071743726730347,True,1095.0,22.0,9.954545454545455
110,6,11,4.030781269073486,True,1149.0,23.0,10.445454545454545
110,6,12,4.548421859741211,True,1084.0,24.0,9.854545454545455
110,6,13,5.467371702194214,True,1050.0,19.0,9.545454545454545
110,6,14,4.442128419876099,True,1194.0,25.0,10.854545454545455
110,6,15,4.896710395812988,True,1154.0,22.0,10.49090909090909
110,6,16,6.213047742843628,True,1128.0,22.0,10.254545454545454
110,6,17,7.31201696395874,True,1023.0,20.0,9.3
110,6,18,7.304332494735718,True,1074.0,22.0,9.763636363636364
110,6,19,3.5062808990478516,True,1109.0,24.0,10.081818181818182
110,6,20,4.161482572555542,True,1111.0,21.0,10.1
110,6,21,7.059457540512085,True,1148.0,23.0,10.436363636363636
110,6,22,5.090275287628174,True,1079.0,22.0,9.809090909090909
110,6,23,3.8468596935272217,True,1154.0,23.0,10.49090909090909
110,6,24,6.347717523574829,True,1132.0,24.0,10.290909090909091
110,6,25,6.206124782562256,True,1084.0,21.0,9.854545454545455
110,6,26,5.435192823410034,True,1076.0,21.0,9.781818181818181
110,6,27,7.716344594955444,True,997.0,18.0,9.063636363636364
110,6,28,7.300602912902832,True,1044.0,19.0,9.49090909090909
110,6,29,7.041417121887207,True,1106.0,22.0,10.054545454545455
130,3,0,1.473278522491455,True,361.0,6.0,2.776923076923077
130,3,1,1.1906311511993408,True,487.0,9.0,3.746153846153846
130,3,2,2.1563940048217773,True,390.0,6.0,3.0
130,3,3,1.4379425048828125,True,360.0,6.0,2.769230769230769
130,3,4,2.1832432746887207,True,358.0,6.0,2.753846153846154
130,3,5,1.284630537033081,True,397.0,7.0,3.0538461538461537
130,3,6,2.5726535320281982,True,403.0,10.0,3.1
130,3,7,4.226998329162598,True,368.0,7.0,2.830769230769231
130,3,8,1.250319480895996,True,392.0,8.0,3.0153846153846153
130,3,9,4.3790130615234375,True,399.0,9.0,3.0692307692307694
130,3,10,2.2823362350463867,True,388.0,7.0,2.9846153846153847
130,3,11,1.456310749053955,True,386.0,7.0,2.9692307692307693
130,3,12,1.4534294605255127,True,433.0,8.0,3.330769230769231
130,3,13,1.5198297500610352,True,395.0,7.0,3.0384615384615383
130,3,14,1.7734441757202148,True,398.0,7.0,3.0615384615384613
130,3,15,2.5139858722686768,True,395.0,8.0,3.0384615384615383
130,3,16,1.9403645992279053,True,393.0,8.0,3.023076923076923
130,3,17,0.9620356559753418,True,386.0,7.0,2.9692307692307693
130,3,18,1.9515655040740967,True,361.0,7.0,2.776923076923077
130,3,19,1.163081169128418,True,414.0,7.0,3.1846153846153844
130,3,20,1.256378412246704,True,410.0,7.0,3.1538461538461537
130,3,21,1.509284257888794,True,374.0,7.0,2.876923076923077
130,3,22,1.239989995956421,True,350.0,6.0,2.6923076923076925
130,3,23,1.0188729763031006,True,417.0,9.0,3.207692307692308
130,3,24,0.6861133575439453,True,399.0,9.0,3.0692307692307694
130,3,25,0.2161269187927246,True,416.0,8.0,3.2
130,3,26,0.5578570365905762,True,433.0,9.0,3.330769230769231
130,3,27,2.615522623062134,True,469.0,10.0,3.6076923076923078
130,3,28,1.9438788890838623,True,346.0,6.0,2.6615384615384614
130,3,29,0.8233065605163574,True,348.0,7.0,2.6769230769230767
130,4,0,3.343173027038574,True,809.0,16.0,6.223076923076923
130,4,1,3.1389081478118896,True,705.0,14.0,5.423076923076923
130,4,2,2.02817440032959,True,680.0,15.0,5.230769230769231
130,4,3,3.8256330490112305,True,767.0,14.0,5.9
130,4,4,1.771000623703003,True,710.0,12.0,5.461538461538462
130,4,5,3.940793514251709,True,691.0,14.0,5.315384615384615
130,4,6,4.538036346435547,True,750.0,14.0,5.769230769230769
130,4,7,6.456087350845337,True,718.0,13.0,5.523076923076923
130,4,8,3.3244054317474365,True,717.0,15.0,5.515384615384615
130,4,9,2.773005723953247,True,734.0,14.0,5.6461538461538465
130,4,10,5.038600444793701,True,723.0,14.0,5.561538461538461
130,4,11,2.3369672298431396,True,688.0,13.0,5.292307692307692
130,4,12,2.1736016273498535,True,722.0,14.0,5.553846153846154
130,4,13,3.672290563583374,True,699.0,13.0,5.376923076923077
130,4,14,3.8453593254089355,True,693.0,12.0,5.3307692307692305
130,4,15,2.731128215789795,True,668.0,14.0,5.138461538461539
130,4,16,2.305844783782959,True,720.0,14.0,5.538461538461538
130,4,17,3.46433687210083,True,725.0,13.0,5.576923076923077
130,4,18,2.9573607444763184,True,839.0,18.0,6.453846153846154
130,4,19,2.8266921043395996,True,710.0,15.0,5.461538461538462
130,4,20,2.922360897064209,True,837.0,17.0,6.438461538461539
130,4,21,2.660918951034546,True,699.0,14.0,5.376923076923077
130,4,22,2.541712522506714,True,675.0,11.0,5.1923076923076925
130,4,23,5.098320007324219,True,682.0,12.0,5.246153846153846
130,4,24,2.7137553691864014,True,642.0,11.0,4.938461538461539
130,4,25,3.829955816268921,True,755.0,12.0,5.8076923076923075
130,4,26,3.57452392578125,True,676.0,14.0,5.2
130,4,27,3.0655229091644287,True,704.0,12.0,5.415384615384616
130,4,28,2.762380838394165,True,680.0,13.0,5.230769230769231
130,4,29,3.9433748722076416,True,670.0,13.0,5.153846153846154
130,5,0,6.55749773979187,True,1157.0,24.0,8.9
130,5,1,4.285300970077515,True,1105.0,23.0,8.5
130,5,2,4.838284969329834,True,1120.0,20.0,8.615384615384615
130,5,3,4.680817127227783,True,1134.0,18.0,8.723076923076922
130,5,4,4.258788347244263,True,1109.0,20.0,8.53076923076923
130,5,5,4.318199872970581,True,1211.0,24.0,9.315384615384616
130,5,6,5.3358473777771,True,1084.0,19.0,8.338461538461539
130,5,7,6.658823490142822,True,1132.0,20.0,8.707692307692307
130,5,8,3.8429923057556152,True,1071.0,21.0,8.238461538461538
130,5,9,6.014949083328247,True,1038.0,18.0,7.984615384615385
130,5,10,8.077148914337158,True,970.0,16.0,7.461538461538462
130,5,11,3.317714214324951,True,1244.0,22.0,9.569230769230769
130,5,12,3.6859114170074463,True,1125.0,19.0,8.653846153846153
130,5,13,5.171940803527832,True,1180.0,20.0,9.076923076923077
130,5,14,3.652287721633911,True,1076.0,20.0,8.276923076923078
130,5,15,3.2798571586608887,True,1179.0,22.0,9.069230769230769
130,5,16,5.356585741043091,True,1006.0,19.0,7.7384615384615385
130,5,17,3.5532562732696533,True,1240.0,22.0,9.538461538461538
130,5,18,5.756434440612793,True,1071.0,21.0,8.238461538461538
130,5,19,6.310591220855713,True,1008.0,19.0,7.753846153846154
130,5,20,6.009014844894409,True,1037.0,19.0,7.976923076923077
130,5,21,5.249704837799072,True,1035.0,19.0,7.961538461538462
130,5,22,4.117493152618408,True,1165.0,22.0,8.961538461538462
130,5,23,5.8580217361450195,True,1055.0,19.0,8.115384615384615
130,5,24,4.341991424560547,True,1025.0,18.0,7.884615384615385
130,5,25,4.3672192096710205,True,1094.0,20.0,8.415384615384616
130,5,26,6.370936870574951,True,1156.0,22.0,8.892307692307693
130,5,27,4.905269384384155,True,1060.0,17.0,8.153846153846153
130,5,28,2.8644323348999023,True,1191.0,24.0,9.161538461538461
130,5,29,4.878088712692261,True,1104.0,20.0,8.492307692307692
130,6,0,26.459920644760132,True,1402.0,25.0,10.784615384615385
130,6,1,25.994303941726685,True,1482.0,24.0,11.4
130,6,2,8.174760341644287,True,1398.0,25.0,10.753846153846155
130,6,3,6.279614210128784,True,1442.0,26.0,11.092307692307692
130,6,4,15.891307592391968,True,1376.0,25.0,10.584615384615384
130,6,5,34.65527963638306,True,1430.0,24.0,11.0
130,6,6,9.605083465576172,True,1420.0,26.0,10.923076923076923
130,6,7,9.05304217338562,True,1328.0,23.0,10.215384615384615
130,6,8,11.276777505874634,True,1402.0,23.0,10.784615384615385
130,6,9,7.150261163711548,True,1377.0,25.0,10.592307692307692
130,6,10,12.275630712509155,True,1454.0,23.0,11.184615384615384
130,6,11,6.71274733543396,True,1320.0,24.0,10.153846153846153
130,6,12,8.376760721206665,True,1472.0,28.0,11.323076923076924
130,6,13,27.339369773864746,True,1332.0,23.0,10.246153846153845
130,6,14,27.440617561340332,True,1271.0,19.0,9.776923076923078
130,6,15,13.053779125213623,True,1398.0,23.0,10.753846153846155
130,6,16,11.46918535232544,True,1350.0,21.0,10.384615384615385
130,6,17,14.25276231765747,True,1474.0,26.0,11.338461538461539
130,6,18,15.190353631973267,True,1288.0,24.0,9.907692307692308
130,6,19,7.41698956489563,True,1417.0,24.0,10.9
130,6,20,33.1843147277832,True,1427.0,26.0,10.976923076923077
130,6,21,20.088942050933838,True,1435.0,25.0,11.038461538461538
130,6,22,7.101672887802124,True,1495.0,28.0,11.5
130,6,23,8.458515167236328,True,1313.0,22.0,10.1
130,6,24,60.369497299194336,False,,,
130,6,25,7.513981103897095,True,1406.0,39.0,10.815384615384616
130,6,26,9.433044195175171,True,1420.0,25.0,10.923076923076923
130,6,27,18.441847562789917,True,1297.0,23.0,9.976923076923077
130,6,28,20.76003098487854,True,1359.0,26.0,10.453846153846154
130,6,29,10.388521194458008,True,1420.0,26.0,10.923076923076923
150,3,0,2.3294358253479004,True,533.0,11.0,3.5533333333333332
150,3,1,2.6604161262512207,True,426.0,7.0,2.84
150,3,2,3.015669822692871,True,566.0,10.0,3.7733333333333334
150,3,3,2.003385543823242,True,426.0,7.0,2.84
150,3,4,2.3768653869628906,True,510.0,9.0,3.4
150,3,5,2.2403364181518555,True,470.0,10.0,3.1333333333333333
150,3,6,9.158593893051147,True,491.0,9.0,3.2733333333333334
150,3,7,1.241391658782959,True,523.0,10.0,3.486666666666667
150,3,8,5.248788595199585,True,463.0,8.0,3.0866666666666664
150,3,9,4.173405647277832,True,535.0,13.0,3.566666666666667
150,3,10,1.7733333110809326,True,526.0,9.0,3.506666666666667
150,3,11,1.9503159523010254,True,566.0,10.0,3.7733333333333334
150,3,12,2.417595863342285,True,423.0,8.0,2.82
150,3,13,2.2446963787078857,True,511.0,10.0,3.4066666666666667
150,3,14,1.3093016147613525,True,564.0,10.0,3.76
150,3,15,3.1930038928985596,True,446.0,9.0,2.973333333333333
150,3,16,1.690244197845459,True,488.0,9.0,3.2533333333333334
150,3,17,1.2808489799499512,True,480.0,8.0,3.2
150,3,18,1.6296768188476562,True,439.0,8.0,2.9266666666666667
150,3,19,1.7452237606048584,True,418.0,9.0,2.7866666666666666
150,3,20,1.968933343887329,True,451.0,8.0,3.006666666666667
150,3,21,7.278388023376465,True,444.0,8.0,2.96
150,3,22,1.7268598079681396,True,520.0,8.0,3.466666666666667
150,3,23,2.9809653759002686,True,521.0,10.0,3.473333333333333
150,3,24,1.5176105499267578,True,462.0,8.0,3.08
150,3,25,1.833209753036499,True,410.0,6.0,2.7333333333333334
150,3,26,2.684558391571045,True,488.0,8.0,3.2533333333333334
150,3,27,1.919233798980713,True,556.0,10.0,3.7066666666666666
150,3,28,2.0092968940734863,True,453.0,8.0,3.02
150,3,29,2.684778928756714,True,487.0,8.0,3.2466666666666666
150,4,0,4.404867649078369,True,904.0,15.0,6.026666666666666
150,4,1,2.9167697429656982,True,954.0,19.0,6.36
150,4,2,3.011606216430664,True,904.0,15.0,6.026666666666666
150,4,3,3.019666910171509,True,1011.0,20.0,6.74
150,4,4,4.014370679855347,True,1029.0,17.0,6.86
150,4,5,3.1896653175354004,True,846.0,15.0,5.64
150,4,6,5.271040678024292,True,982.0,17.0,6.546666666666667
150,4,7,3.604858636856079,True,978.0,18.0,6.52
150,4,8,4.597559928894043,True,957.0,17.0,6.38
150,4,9,4.544893026351929,True,932.0,16.0,6.213333333333333
150,4,10,4.770814895629883,True,853.0,15.0,5.6866666666666665
150,4,11,3.1123383045196533,True,850.0,15.0,5.666666666666667
150,4,12,2.8631274700164795,True,878.0,15.0,5.8533333333333335
150,4,13,5.527977466583252,True,902.0,16.0,6.013333333333334
150,4,14,3.0846593379974365,True,917.0,15.0,6.113333333333333
150,4,15,3.7561120986938477,True,820.0,14.0,5.466666666666667
150,4,16,2.7449889183044434,True,1020.0,20.0,6.8
150,4,17,3.5661213397979736,True,913.0,14.0,6.086666666666667
150,4,18,4.14369010925293,True,1003.0,18.0,6.6866666666666665
150,4,19,4.173579454421997,True,912.0,17.0,6.08
150,4,20,4.923599004745483,True,909.0,14.0,6.06
150,4,21,4.2027647495269775,True,903.0,15.0,6.02
150,4,22,3.862009048461914,True,941.0,17.0,6.273333333333333
150,4,23,4.1643617153167725,True,1032.0,17.0,6.88
150,4,24,4.32292103767395,True,947.0,17.0,6.3133333333333335
150,4,25,3.707732677459717,True,999.0,18.0,6.66
150,4,26,2.4506161212921143,True,931.0,15.0,6.206666666666667
150,4,27,3.12731671333313,True,960.0,17.0,6.4
150,4,28,2.8068270683288574,True,1042.0,20.0,6.946666666666666
150,4,29,3.7330715656280518,True,882.0,15.0,5.88
150,5,0,5.740106582641602,True,1379.0,25.0,9.193333333333333
150,5,1,13.95467495918274,True,1388.0,23.0,9.253333333333334
150,5,2,5.43181586265564,True,1307.0,22.0,8.713333333333333
150,5,3,11.024718046188354,True,1407.0,22.0,9.38
150,5,4,12.139661312103271,True,1339.0,22.0,8.926666666666666
150,5,5,21.836875438690186,True,1391.0,21.0,9.273333333333333
150,5,6,19.41495990753174,True,1465.0,28.0,9.766666666666667
150,5,7,7.859745740890503,True,1361.0,20.0,9.073333333333334
150,5,8,6.206716299057007,True,1405.0,30.0,9.366666666666667
150,5,9,12.963189125061035,True,1370.0,22.0,9.133333333333333
150,5,10,5.426098585128784,True,1422.0,27.0,9.48
150,5,11,5.980052947998047,True,1385.0,24.0,9.233333333333333
150,5,12,5.021441698074341,True,1321.0,25.0,8.806666666666667
150,5,13,10.71872353553772,True,1389.0,24.0,9.26
150,5,14,4.695794582366943,True,1374.0,25.0,9.16
150,5,15,14.85058879852295,True,1340.0,22.0,8.933333333333334
150,5,16,18.95281744003296,True,1289.0,23.0,8.593333333333334
150,5,17,13.305030584335327,True,1384.0,23.0,9.226666666666667
150,5,18,4.5470287799835205,True,1414.0,22.0,9.426666666666666
150,5,19,18.098174571990967,True,1421.0,22.0,9.473333333333333
150,5,20,13.831329584121704,True,1269.0,21.0,8.46
150,5,21,13.458305835723877,True,1329.0,22.0,8.86
150,5,22,60.072304248809814,True,1435.0,24.0,9.566666666666666
150,5,23,28.999831914901733,True,1367.0,25.0,9.113333333333333
150,5,24,9.504538297653198,True,1379.0,23.0,9.193333333333333
150,5,25,4.610180139541626,True,1433.0,27.0,9.553333333333333
150,5,26,13.773844242095947,True,1378.0,25.0,9.186666666666667
150,5,27,6.914109945297241,True,1380.0,23.0,9.2
150,5,28,7.948374032974243,True,1406.0,21.0,9.373333333333333
150,5,29,5.6974523067474365,True,1376.0,26.0,9.173333333333334
150,6,0,60.74683713912964,False,,,
150,6,1,60.782472372055054,False,,,
150,6,2,60.58717918395996,False,,,
150,6,3,60.864158153533936,False,,,
150,6,4,60.393996238708496,False,,,
150,6,5,60.72909712791443,False,,,
150,6,6,60.53055262565613,False,,,
150,6,7,60.421704053878784,False,,,
150,6,8,60.62190914154053,False,,,
150,6,9,60.552988052368164,False,,,
150,6,10,60.84193825721741,False,,,
150,6,11,60.57496094703674,False,,,
150,6,12,60.94977521896362,False,,,
150,6,13,60.574222803115845,False,,,
150,6,14,60.57146620750427,False,,,
150,6,15,60.483304023742676,False,,,
150,6,16,60.522047996520996,False,,,
150,6,17,60.44345164299011,False,,,
150,6,18,60.49681758880615,False,,,
150,6,19,60.50444459915161,False,,,
150,6,20,60.663992166519165,False,,,
150,6,21,60.61404776573181,False,,,
150,6,22,60.371153116226196,False,,,
150,6,23,60.62330722808838,False,,,
150,6,24,60.38375186920166,False,,,
150,6,25,60.74466276168823,False,,,
150,6,26,60.61909556388855,False,,,
150,6,27,60.84207534790039,False,,,
150,6,28,60.393189430236816,False,,,
150,6,29,60.47386431694031,False,,,
170,3,0,4.068579912185669,True,563.0,10.0,3.3117647058823527
170,3,1,11.76998519897461,True,659.0,13.0,3.876470588235294
170,3,2,1.7607107162475586,True,660.0,11.0,3.8823529411764706
170,3,3,3.774893283843994,True,539.0,7.0,3.1705882352941175
170,3,4,2.887789249420166,True,618.0,9.0,3.635294117647059
170,3,5,3.570657253265381,True,569.0,8.0,3.347058823529412
170,3,6,1.5887467861175537,True,611.0,9.0,3.5941176470588236
170,3,7,2.0712554454803467,True,637.0,10.0,3.7470588235294118
170,3,8,1.9591584205627441,True,648.0,12.0,3.8117647058823527
170,3,9,2.3179893493652344,True,573.0,8.0,3.3705882352941177
170,3,10,2.3411853313446045,True,545.0,8.0,3.2058823529411766
170,3,11,3.910621404647827,True,644.0,10.0,3.788235294117647
170,3,12,2.9737050533294678,True,567.0,9.0,3.335294117647059
170,3,13,2.535741090774536,True,645.0,10.0,3.7941176470588234
170,3,14,2.638923168182373,True,554.0,9.0,3.2588235294117647
170,3,15,3.1198110580444336,True,650.0,10.0,3.823529411764706
170,3,16,4.000003337860107,True,522.0,9.0,3.070588235294118
170,3,17,2.291842460632324,True,545.0,11.0,3.2058823529411766
170,3,18,4.0298120975494385,True,582.0,9.0,3.4235294117647057
170,3,19,2.1447129249572754,True,563.0,10.0,3.3117647058823527
170,3,20,2.6434326171875,True,652.0,11.0,3.835294117647059
170,3,21,3.0895674228668213,True,656.0,11.0,3.8588235294117648
170,3,22,10.564563989639282,True,610.0,11.0,3.588235294117647
170,3,23,8.595564126968384,True,591.0,9.0,3.476470588235294
170,3,24,1.1153054237365723,True,682.0,12.0,4.011764705882353
170,3,25,1.5092418193817139,True,572.0,9.0,3.364705882352941
170,3,26,4.52741813659668,True,568.0,11.0,3.3411764705882354
170,3,27,1.414079189300537,True,625.0,10.0,3.676470588235294
170,3,28,2.921407461166382,True,509.0,8.0,2.9941176470588236
170,3,29,1.690504789352417,True,644.0,10.0,3.788235294117647
170,4,0,1.5516188144683838,True,1186.0,20.0,6.976470588235294
170,4,1,2.549262523651123,True,1216.0,23.0,7.152941176470589
170,4,2,1.9807929992675781,True,1265.0,20.0,7.4411764705882355
170,4,3,2.020638942718506,True,1249.0,19.0,7.347058823529411
170,4,4,1.6348426342010498,True,1103.0,18.0,6.488235294117647
170,4,5,3.0599288940429688,True,1159.0,21.0,6.817647058823529
170,4,6,2.3975634574890137,True,1174.0,18.0,6.905882352941177
170,4,7,1.865173578262329,True,1144.0,20.0,6.729411764705882
170,4,8,2.3209853172302246,True,1198.0,17.0,7.047058823529412
170,4,9,1.9595391750335693,True,1119.0,19.0,6.58235294117647
170,4,10,2.137601852416992,True,1094.0,21.0,6.435294117647059
170,4,11,2.17423415184021,True,1273.0,20.0,7.488235294117647
170,4,12,1.9504458904266357,True,1146.0,18.0,6.741176470588235
170,4,13,2.5785906314849854,True,1208.0,18.0,7.105882352941176
170,4,14,2.906097888946533,True,1153.0,18.0,6.7823529411764705
170,4,15,4.7554771900177,True,1149.0,17.0,6.758823529411765
170,4,16,7.699161052703857,True,1109.0,17.0,6.523529411764706
170,4,17,3.176708221435547,True,1257.0,20.0,7.394117647058824
170,4,18,4.639843463897705,True,1121.0,18.0,6.594117647058823
170,4,19,4.602632999420166,True,1126.0,19.0,6.623529411764705
170,4,20,3.3060848712921143,True,1330.0,28.0,7.823529411764706
170,4,21,6.083071947097778,True,1187.0,20.0,6.982352941176471
170,4,22,5.00865626335144,True,1315.0,19.0,7.735294117647059
170,4,23,8.083519458770752,True,1219.0,23.0,7.170588235294118
170,4,24,6.87676477432251,True,1183.0,19.0,6.958823529411765
170,4,25,7.654242992401123,True,1162.0,18.0,6.8352941176470585
170,4,26,7.706895112991333,True,1231.0,20.0,7.241176470588235
170,4,27,3.339944362640381,True,1059.0,15.0,6.229411764705882
170,4,28,5.851435899734497,True,1199.0,19.0,7.052941176470588
170,4,29,3.443182945251465,True,1169.0,22.0,6.876470588235295
170,5,0,60.476261615753174,False,,,
170,5,1,60.40257215499878,False,,,
170,5,2,60.375890016555786,False,,,
170,5,3,60.3836989402771,False,,,
170,5,4,60.48473834991455,False,,,
170,5,5,60.389708280563354,False,,,
170,5,6,60.33812880516052,False,,,
170,5,7,60.54057288169861,False,,,
170,5,8,60.574771881103516,False,,,
170,5,9,60.50350308418274,False,,,
170,5,10,60.60642075538635,False,,,
170,5,11,60.40183639526367,False,,,
170,5,12,60.70629167556763,False,,,
170,5,13,60.587599992752075,False,,,
170,5,14,60.47660422325134,False,,,
170,5,15,60.679161071777344,False,,,
170,5,16,60.7132031917572,False,,,
170,5,17,60.54161596298218,False,,,
170,5,18,60.45810294151306,False,,,
170,5,19,60.589261293411255,False,,,
170,5,20,60.45469546318054,False,,,
170,5,21,60.56854224205017,False,,,
170,5,22,60.47841954231262,False,,,
170,5,23,60.381616830825806,False,,,
170,5,24,60.53498029708862,False,,,
170,5,25,60.40177893638611,False,,,
170,5,26,60.49805569648743,False,,,
170,5,27,60.60730218887329,False,,,
170,5,28,60.378639698028564,False,,,
170,5,29,60.492732524871826,False,,,
170,6,0,61.016072511672974,False,,,
170,6,1,60.49384331703186,False,,,
170,6,2,60.725327014923096,False,,,
170,6,3,60.61324501037598,False,,,
170,6,4,60.862937688827515,False,,,
170,6,5,60.764904499053955,False,,,
170,6,6,60.55112361907959,False,,,
170,6,7,60.993645668029785,False,,,
170,6,8,60.614994287490845,False,,,
170,6,9,60.75581359863281,False,,,
170,6,10,60.455057859420776,False,,,
170,6,11,60.571722984313965,False,,,
170,6,12,60.632577419281006,False,,,
170,6,13,60.597758293151855,False,,,
170,6,14,60.62398934364319,False,,,
170,6,15,60.639080286026,False,,,
170,6,16,60.847553968429565,False,,,
170,6,17,60.665921211242676,False,,,
170,6,18,60.91262912750244,False,,,
170,6,19,60.43519687652588,False,,,
170,6,20,60.88317513465881,False,,,
170,6,21,60.935176372528076,False,,,
170,6,22,60.72071099281311,False,,,
170,6,23,60.86843228340149,False,,,
170,6,24,60.51684808731079,False,,,
170,6,25,60.74324989318848,False,,,
170,6,26,60.879904985427856,False,,,
170,6,27,60.781431674957275,False,,,
170,6,28,60.567988872528076,False,,,
170,6,29,60.767810583114624,False,,,
190,3,0,2.666940689086914,True,704.0,12.0,3.705263157894737
190,3,1,3.4475209712982178,True,661.0,9.0,3.4789473684210526
190,3,2,2.421030282974243,True,715.0,13.0,3.763157894736842
190,3,3,11.411545991897583,True,625.0,8.0,3.289473684210526
190,3,4,4.663755416870117,True,749.0,13.0,3.942105263157895
190,3,5,6.052629232406616,True,668.0,11.0,3.5157894736842104
190,3,6,3.392690658569336,True,783.0,11.0,4.121052631578947
190,3,7,4.621529579162598,True,652.0,9.0,3.431578947368421
190,3,8,7.178327560424805,True,659.0,10.0,3.468421052631579
190,3,9,2.7817373275756836,True,612.0,10.0,3.221052631578947
190,3,10,2.6847145557403564,True,686.0,11.0,3.610526315789474
190,3,11,2.7492828369140625,True,676.0,11.0,3.557894736842105
190,3,12,1.8952786922454834,True,784.0,14.0,4.126315789473685
190,3,13,2.308060646057129,True,813.0,15.0,4.278947368421052
190,3,14,5.155755281448364,True,685.0,11.0,3.6052631578947367
190,3,15,2.4134085178375244,True,735.0,11.0,3.8684210526315788
190,3,16,2.1571872234344482,True,666.0,10.0,3.5052631578947366
190,3,17,3.8461098670959473,True,785.0,12.0,4.131578947368421
190,3,18,2.8492746353149414,True,760.0,11.0,4.0
190,3,19,3.048729419708252,True,711.0,11.0,3.7421052631578946
190,3,20,2.7421681880950928,True,753.0,13.0,3.963157894736842
190,3,21,4.355189323425293,True,620.0,9.0,3.263157894736842
190,3,22,3.375814199447632,True,700.0,10.0,3.6842105263157894
190,3,23,3.6371824741363525,True,716.0,10.0,3.768421052631579
190,3,24,2.8269076347351074,True,603.0,8.0,3.1736842105263157
190,3,25,7.585622072219849,True,714.0,11.0,3.7578947368421054
190,3,26,2.6766343116760254,True,687.0,9.0,3.6157894736842104
190,3,27,2.0423598289489746,True,745.0,11.0,3.9210526315789473
190,3,28,3.210080146789551,True,768.0,10.0,4.042105263157895
190,3,29,4.375502586364746,True,662.0,10.0,3.4842105263157896
190,4,0,23.234057664871216,True,1315.0,23.0,6.921052631578948
190,4,1,17.429993391036987,True,1341.0,20.0,7.057894736842106
190,4,2,40.833577394485474,True,1357.0,21.0,7.1421052631578945
190,4,3,26.231993913650513,True,1319.0,21.0,6.942105263157894
190,4,4,25.633020639419556,True,1357.0,19.0,7.1421052631578945
190,4,5,44.20653796195984,True,1294.0,18.0,6.810526315789474
190,4,6,26.82571244239807,True,1415.0,20.0,7.447368421052632
190,4,7,14.575898170471191,True,1364.0,18.0,7.178947368421053
190,4,8,6.756152868270874,True,1386.0,19.0,7.294736842105263
190,4,9,6.092319488525391,True,1392.0,26.0,7.326315789473684
190,4,10,7.093107223510742,True,1296.0,24.0,6.821052631578947
190,4,11,32.86336040496826,True,1304.0,17.0,6.863157894736842
190,4,12,60.42773771286011,False,,,
190,4,13,5.099343538284302,True,1347.0,20.0,7.089473684210526
190,4,14,6.129480361938477,True,1334.0,25.0,7.021052631578947
190,4,15,19.200753450393677,True,1366.0,19.0,7.189473684210526
190,4,16,24.68107008934021,True,1315.0,20.0,6.921052631578948
190,4,17,31.01870346069336,True,1405.0,20.0,7.394736842105263
190,4,18,15.621183633804321,True,1230.0,20.0,6.473684210526316
190,4,19,20.59430503845215,True,1336.0,19.0,7.031578947368421
190,4,20,17.61276650428772,True,1314.0,18.0,6.91578947368421
190,4,21,11.02257776260376,True,1357.0,24.0,7.1421052631578945
190,4,22,8.40274953842163,True,1362.0,18.0,7.168421052631579
190,4,23,8.383859872817993,True,1336.0,19.0,7.031578947368421
190,4,24,21.066452980041504,True,1294.0,19.0,6.810526315789474
190,4,25,16.614009857177734,True,1346.0,22.0,7.08421052631579
190,4,26,11.20220947265625,True,1391.0,20.0,7.321052631578947
190,4,27,7.139828443527222,True,1391.0,19.0,7.321052631578947
190,4,28,6.3291826248168945,True,1300.0,21.0,6.842105263157895
190,4,29,4.9247705936431885,True,1292.0,20.0,6.8
190,5,0,60.532771587371826,False,,,
190,5,1,60.601608753204346,False,,,
190,5,2,60.93458819389343,False,,,
190,5,3,60.5478732585907,False,,,
190,5,4,60.61481809616089,False,,,
190,5,5,60.43841075897217,False,,,
190,5,6,60.137229442596436,False,,,
190,5,7,60.6424343585968,False,,,
190,5,8,60.54439568519592,False,,,
190,5,9,60.41981267929077,False,,,
190,5,10,60.57483744621277,False,,,
190,5,11,60.46254372596741,False,,,
190,5,12,60.583428144454956,False,,,
190,5,13,60.6591477394104,False,,,
190,5,14,60.76289629936218,False,,,
190,5,15,60.4991135597229,False,,,
190,5,16,60.71246409416199,False,,,
190,5,17,60.676185607910156,False,,,
190,5,18,60.58405780792236,False,,,
190,5,19,60.71645498275757,False,,,
190,5,20,60.47755169868469,False,,,
190,5,21,60.71981477737427,False,,,
190,5,22,60.54924297332764,False,,,
190,5,23,60.5202751159668,False,,,
190,5,24,60.72515940666199,False,,,
190,5,25,60.8016402721405,False,,,
190,5,26,60.66116738319397,False,,,
190,5,27,60.40640068054199,False,,,
190,5,28,60.63550043106079,False,,,
190,5,29,60.55812311172485,False,,,
190,6,0,61.1132333278656,False,,,
190,6,1,61.11283588409424,False,,,
190,6,2,60.61748456954956,False,,,
190,6,3,60.64260792732239,False,,,
190,6,4,60.74447274208069,False,,,
190,6,5,61.07740116119385,False,,,
190,6,6,60.58539414405823,False,,,
190,6,7,60.907596826553345,False,,,
190,6,8,60.68197059631348,False,,,
190,6,9,60.9935257434845,False,,,
190,6,10,60.67516613006592,False,,,
190,6,11,60.5668249130249,False,,,
190,6,12,60.88124680519104,False,,,
190,6,13,60.74288463592529,False,,,
190,6,14,60.57783579826355,False,,,
190,6,15,60.61700773239136,False,,,
190,6,16,60.27019023895264,False,,,
190,6,17,60.93380308151245,False,,,
190,6,18,60.44113492965698,False,,,
190,6,19,60.81647706031799,False,,,
190,6,20,60.76277828216553,False,,,
190,6,21,60.671396017074585,False,,,
190,6,22,60.76196789741516,False,,,
190,6,23,60.803977727890015,False,,,
190,6,24,61.014484167099,False,,,
190,6,25,60.53486180305481,False,,,
190,6,26,60.8789165019989,False,,,
190,6,27,60.71859335899353,False,,,
190,6,28,60.76161289215088,False,,,
190,6,29,60.71003723144531,False,,,
210,3,0,2.8711202144622803,True,910.0,12.0,4.333333333333333
210,3,1,3.106929302215576,True,840.0,12.0,4.0
210,3,2,3.470444679260254,True,793.0,12.0,3.776190476190476
210,3,3,3.4360485076904297,True,838.0,11.0,3.9904761904761905
210,3,4,9.414454221725464,True,807.0,10.0,3.842857142857143
210,3,5,3.361959934234619,True,818.0,11.0,3.895238095238095
210,3,6,2.8259408473968506,True,796.0,10.0,3.7904761904761903
210,3,7,2.978790283203125,True,894.0,12.0,4.257142857142857
210,3,8,1.8727796077728271,True,870.0,11.0,4.142857142857143
210,3,9,2.761335611343384,True,833.0,13.0,3.966666666666667
210,3,10,15.912359714508057,True,930.0,13.0,4.428571428571429
210,3,11,6.149054765701294,True,835.0,10.0,3.9761904761904763
210,3,12,7.286888360977173,True,902.0,12.0,4.295238095238095
210,3,13,6.90530252456665,True,795.0,11.0,3.7857142857142856
210,3,14,3.350888729095459,True,784.0,10.0,3.7333333333333334
210,3,15,2.9161596298217773,True,838.0,11.0,3.9904761904761905
210,3,16,12.00943398475647,True,810.0,11.0,3.857142857142857
210,3,17,3.229525327682495,True,953.0,13.0,4.538095238095238
210,3,18,3.875797986984253,True,775.0,10.0,3.6904761904761907
210,3,19,2.5717053413391113,True,855.0,11.0,4.071428571428571
210,3,20,2.170729637145996,True,867.0,12.0,4.128571428571429
210,3,21,3.117497205734253,True,886.0,12.0,4.219047619047619
210,3,22,2.8592536449432373,True,711.0,9.0,3.3857142857142857
210,3,23,2.42207932472229,True,766.0,11.0,3.6476190476190475
210,3,24,4.464373826980591,True,876.0,13.0,4.171428571428572
210,3,25,21.35651922225952,True,772.0,10.0,3.676190476190476
210,3,26,4.203682899475098,True,966.0,15.0,4.6
210,3,27,11.751803874969482,True,876.0,12.0,4.171428571428572
210,3,28,3.865668296813965,True,767.0,12.0,3.6523809523809523
210,3,29,5.506406545639038,True,784.0,14.0,3.7333333333333334
210,4,0,60.519150257110596,False,,,
210,4,1,60.435893297195435,False,,,
210,4,2,60.548272132873535,False,,,
210,4,3,60.40466904640198,False,,,
210,4,4,60.11791467666626,False,,,
210,4,5,60.444432973861694,False,,,
210,4,6,60.50377917289734,False,,,
210,4,7,60.65122199058533,False,,,
210,4,8,60.40197157859802,False,,,
210,4,9,60.435892820358276,False,,,
210,4,10,60.445926904678345,False,,,
210,4,11,60.417009353637695,False,,,
210,4,12,60.54130530357361,False,,,
210,4,13,60.581427335739136,False,,,
210,4,14,60.58962798118591,False,,,
210,4,15,60.452438831329346,False,,,
210,4,16,60.419649600982666,False,,,
210,4,17,60.52638030052185,False,,,
210,4,18,60.395402908325195,False,,,
210,4,19,60.5357391834259,False,,,
210,4,20,60.522252321243286,False,,,
210,4,21,60.559616565704346,False,,,
210,4,22,60.47761917114258,False,,,
210,4,23,60.49480962753296,False,,,
210,4,24,60.42812657356262,False,,,
210,4,25,60.600855112075806,False,,,
210,4,26,40.76690626144409,True,1418.0,21.0,6.752380952380952
210,4,27,60.367777585983276,False,,,
210,4,28,60.481520891189575,False,,,
210,4,29,60.37563109397888,False,,,
210,5,0,60.70804405212402,False,,,
210,5,1,60.78475904464722,False,,,
210,5,2,61.06171464920044,False,,,
210,5,3,60.796199560165405,False,,,
210,5,4,60.98179078102112,False,,,
210,5,5,60.47743463516235,False,,,
210,5,6,60.515660524368286,False,,,
210,5,7,60.526705503463745,False,,,
210,5,8,60.980889320373535,False,,,
210,5,9,60.573636054992676,False,,,
210,5,10,60.49749803543091,False,,,
210,5,11,60.74960112571716,False,,,
210,5,12,60.44538235664368,False,,,
210,5,13,60.8239209651947,False,,,
210,5,14,60.97653913497925,False,,,
210,5,15,60.751758098602295,False,,,
210,5,16,60.57243609428406,False,,,
210,5,17,60.98026442527771,False,,,
210,5,18,60.93120551109314,False,,,
210,5,19,60.97508978843689,False,,,
210,5,20,60.67885112762451,False,,,
210,5,21,60.827773332595825,False,,,
210,5,22,60.565768241882324,False,,,
210,5,23,60.83233046531677,False,,,
210,5,24,60.79419994354248,False,,,
210,5,25,60.80479335784912,False,,,
210,5,26,60.98562264442444,False,,,
210,5,27,60.57733750343323,False,,,
210,5,28,60.94523286819458,False,,,
210,5,29,60.91180777549744,False,,,
210,6,0,60.98170256614685,False,,,
210,6,1,61.13394737243652,False,,,
210,6,2,61.066149950027466,False,,,
210,6,3,60.90319561958313,False,,,
210,6,4,60.99515223503113,False,,,
210,6,5,61.26365256309509,False,,,
210,6,6,61.03625297546387,False,,,
210,6,7,60.62433838844299,False,,,
210,6,8,60.658169746398926,False,,,
210,6,9,60.69348764419556,False,,,
210,6,10,60.66400671005249,False,,,
210,6,11,60.82742643356323,False,,,
210,6,12,60.66092252731323,False,,,
210,6,13,60.615559339523315,False,,,
210,6,14,61.06097197532654,False,,,
210,6,15,60.61657977104187,False,,,
210,6,16,61.028475284576416,False,,,
210,6,17,60.667755365371704,False,,,
210,6,18,61.22409105300903,False,,,
210,6,19,60.67913556098938,False,,,
210,6,20,60.929455280303955,False,,,
210,6,21,60.76451373100281,False,,,
210,6,22,60.8860297203064,False,,,
210,6,23,61.212103843688965,False,,,
210,6,24,60.75316619873047,False,,,
210,6,25,60.299644947052,False,,,
210,6,26,60.80204129219055,False,,,
210,6,27,60.80106544494629,False,,,
210,6,28,60.75983476638794,False,,,
210,6,29,61.136754512786865,False,,,
230,3,0,6.426989555358887,True,990.0,14.0,4.304347826086956
230,3,1,2.2825205326080322,True,1149.0,17.0,4.995652173913044
230,3,2,4.282103776931763,True,932.0,12.0,4.052173913043478
230,3,3,4.946076393127441,True,1021.0,15.0,4.439130434782609
230,3,4,4.237550258636475,True,1049.0,15.0,4.560869565217391
230,3,5,5.793946266174316,True,1000.0,14.0,4.3478260869565215
230,3,6,5.992388010025024,True,962.0,12.0,4.182608695652174
230,3,7,3.2697668075561523,True,960.0,14.0,4.173913043478261
230,3,8,4.931806564331055,True,1057.0,20.0,4.595652173913043
230,3,9,3.3777570724487305,True,1013.0,16.0,4.404347826086957
230,3,10,3.655965566635132,True,1075.0,15.0,4.673913043478261
230,3,11,5.050765752792358,True,871.0,12.0,3.7869565217391306
230,3,12,4.157809019088745,True,918.0,15.0,3.991304347826087
230,3,13,2.6732993125915527,True,1034.0,14.0,4.495652173913044
230,3,14,10.902129650115967,True,1004.0,12.0,4.3652173913043475
230,3,15,4.167630434036255,True,1055.0,15.0,4.586956521739131
230,3,16,4.6409385204315186,True,937.0,13.0,4.073913043478261
230,3,17,3.813319444656372,True,942.0,11.0,4.095652173913043
230,3,18,29.091896772384644,True,972.0,13.0,4.226086956521739
230,3,19,2.7780869007110596,True,917.0,11.0,3.9869565217391303
230,3,20,3.602581739425659,True,1071.0,16.0,4.656521739130435
230,3,21,3.669182062149048,True,840.0,10.0,3.652173913043478
230,3,22,3.9286561012268066,True,1026.0,17.0,4.460869565217391
230,3,23,8.23554515838623,True,1023.0,16.0,4.447826086956522
230,3,24,10.879182815551758,True,1041.0,17.0,4.526086956521739
230,3,25,4.052854299545288,True,979.0,14.0,4.256521739130434
230,3,26,3.030651092529297,True,987.0,14.0,4.291304347826087
230,3,27,8.0207359790802,True,953.0,14.0,4.143478260869565
230,3,28,4.442037582397461,True,885.0,13.0,3.847826086956522
230,3,29,4.892251968383789,True,1044.0,14.0,4.539130434782609
230,4,0,60.943639039993286,False,,,
230,4,1,60.658963680267334,False,,,
230,4,2,60.4156858921051,False,,,
230,4,3,60.50457215309143,False,,,
230,4,4,60.65848708152771,False,,,
230,4,5,60.43421721458435,False,,,
230,4,6,60.43350887298584,False,,,
230,4,7,60.467041015625,False,,,
230,4,8,60.86251997947693,False,,,
230,4,9,60.484904050827026,False,,,
230,4,10,60.444090604782104,False,,,
230,4,11,60.7272744178772,False,,,
230,4,12,60.604647159576416,False,,,
230,4,13,60.402397871017456,False,,,
230,4,14,60.42682886123657,False,,,
230,4,15,60.40951442718506,False,,,
230,4,16,60.605289936065674,False,,,
230,4,17,60.57892155647278,False,,,
230,4,18,60.54482913017273,False,,,
230,4,19,60.66773819923401,False,,,
230,4,20,60.46223545074463,False,,,
230,4,21,60.5758581161499,False,,,
230,4,22,60.70354175567627,False,,,
230,4,23,60.762436389923096,False,,,
230,4,24,60.62035012245178,False,,,
230,4,25,60.39713263511658,False,,,
230,4,26,60.50589179992676,False,,,
230,4,27,60.423309087753296,False,,,
230,4,28,60.44049572944641,False,,,
230,4,29,60.48107886314392,False,,,
230,5,0,60.937366247177124,False,,,
230,5,1,60.641438722610474,False,,,
230,5,2,60.95773911476135,False,,,
230,5,3,60.73168230056763,False,,,
230,5,4,60.83079385757446,False,,,
230,5,5,60.660698890686035,False,,,
230,5,6,60.727258920669556,False,,,
230,5,7,60.626665115356445,False,,,
230,5,8,61.089025259017944,False,,,
230,5,9,60.852558612823486,False,,,
230,5,10,60.913849115371704,False,,,
230,5,11,60.61342668533325,False,,,
230,5,12,61.03767371177673,False,,,
230,5,13,60.957756996154785,False,,,
230,5,14,60.90313911437988,False,,,
230,5,15,60.63077926635742,False,,,
230,5,16,60.78666114807129,False,,,
230,5,17,60.72131276130676,False,,,
230,5,18,60.79500675201416,False,,,
230,5,19,61.068090200424194,False,,,
230,5,20,60.923365116119385,False,,,
230,5,21,60.9625198841095,False,,,
230,5,22,60.62685823440552,False,,,
230,5,23,60.98452305793762,False,,,
230,5,24,60.784862995147705,False,,,
230,5,25,60.604264974594116,False,,,
230,5,26,60.711939573287964,False,,,
230,5,27,61.01538920402527,False,,,
230,5,28,60.49179220199585,False,,,
230,5,29,61.14158248901367,False,,,
230,6,0,60.3354594707489,False,,,
230,6,1,60.93919634819031,False,,,
230,6,2,61.196855545043945,False,,,
230,6,3,60.990599393844604,False,,,
230,6,4,60.86772060394287,False,,,
230,6,5,60.867825984954834,False,,,
230,6,6,60.82641553878784,False,,,
230,6,7,60.92140769958496,False,,,
230,6,8,60.090577125549316,False,,,
230,6,9,60.746400356292725,False,,,
230,6,10,60.905529260635376,False,,,
230,6,11,60.67275619506836,False,,,
230,6,12,60.73802709579468,False,,,
230,6,13,61.20116829872131,False,,,
230,6,14,60.84644293785095,False,,,
230,6,15,60.799620628356934,False,,,
230,6,16,60.938122272491455,False,,,
230,6,17,60.94447350502014,False,,,
230,6,18,60.75080060958862,False,,,
230,6,19,60.8495306968689,False,,,
230,6,20,60.92286396026611,False,,,
230,6,21,60.56742548942566,False,,,
230,6,22,61.02899694442749,False,,,
230,6,23,60.873785734176636,False,,,
230,6,24,60.788389682769775,False,,,
230,6,25,60.62536811828613,False,,,
230,6,26,60.833345890045166,False,,,
230,6,27,60.84252572059631,False,,,
230,6,28,61.29449939727783,False,,,
230,6,29,61.212714195251465,False,,,
250,3,0,5.625633001327515,True,1159.0,15.0,4.636
250,3,1,5.2094337940216064,True,1130.0,18.0,4.52
250,3,2,4.8469531536102295,True,1031.0,16.0,4.124
250,3,3,21.57114338874817,True,1126.0,15.0,4.504
250,3,4,10.425067901611328,True,980.0,13.0,3.92
250,3,5,6.3253114223480225,True,1154.0,17.0,4.616
250,3,6,4.9984495639801025,True,1151.0,14.0,4.604
250,3,7,3.9344723224639893,True,1141.0,14.0,4.564
250,3,8,4.828344345092773,True,1020.0,15.0,4.08
250,3,9,28.195488691329956,True,1137.0,15.0,4.548
250,3,10,19.465631008148193,True,1102.0,15.0,4.408
250,3,11,5.650684118270874,True,1079.0,16.0,4.316
250,3,12,8.661130905151367,True,1130.0,20.0,4.52
250,3,13,3.515056610107422,True,999.0,13.0,3.996
250,3,14,5.15629768371582,True,1298.0,16.0,5.192
250,3,15,4.648627758026123,True,1085.0,14.0,4.34
250,3,16,6.260868549346924,True,1003.0,12.0,4.012
250,3,17,4.282775640487671,True,1057.0,13.0,4.228
250,3,18,9.597528457641602,True,1046.0,15.0,4.184
250,3,19,9.467994213104248,True,1139.0,16.0,4.556
250,3,20,5.086723327636719,True,1080.0,15.0,4.32
250,3,21,3.564091682434082,True,1068.0,14.0,4.272
250,3,22,3.959947109222412,True,1100.0,13.0,4.4
250,3,23,4.220799207687378,True,1091.0,13.0,4.364
250,3,24,19.07955837249756,True,1146.0,16.0,4.584
250,3,25,7.953003406524658,True,1008.0,13.0,4.032
250,3,26,17.849586486816406,True,1072.0,16.0,4.288
250,3,27,3.8148348331451416,True,1280.0,18.0,5.12
250,3,28,9.266351461410522,True,1201.0,16.0,4.804
250,3,29,15.601310729980469,True,992.0,16.0,3.968
250,4,0,60.76533031463623,False,,,
250,4,1,60.44927525520325,False,,,
250,4,2,60.598190784454346,False,,,
250,4,3,60.79445028305054,False,,,
250,4,4,60.76562690734863,False,,,
250,4,5,60.90283751487732,False,,,
250,4,6,60.4705228805542,False,,,
250,4,7,60.45505380630493,False,,,
250,4,8,60.79709768295288,False,,,
250,4,9,60.551055908203125,False,,,
250,4,10,60.81035137176514,False,,,
250,4,11,60.60070061683655,False,,,
250,4,12,60.50928807258606,False,,,
250,4,13,60.49754548072815,False,,,
250,4,14,60.536592960357666,False,,,
250,4,15,60.65794110298157,False,,,
250,4,16,60.74345946311951,False,,,
250,4,17,60.51740574836731,False,,,
250,4,18,60.72104477882385,False,,,
250,4,19,60.59998393058777,False,,,
250,4,20,60.49482035636902,False,,,
250,4,21,60.70148229598999,False,,,
250,4,22,60.54046702384949,False,,,
250,4,23,60.68511652946472,False,,,
250,4,24,60.62360239028931,False,,,
250,4,25,60.751124143600464,False,,,
250,4,26,60.50020098686218,False,,,
250,4,27,60.89816737174988,False,,,
250,4,28,60.94389009475708,False,,,
250,4,29,60.471014738082886,False,,,
250,5,0,61.09040021896362,False,,,
250,5,1,61.14467716217041,False,,,
250,5,2,60.543837547302246,False,,,
250,5,3,61.02901864051819,False,,,
250,5,4,60.6463348865509,False,,,
250,5,5,61.308356285095215,False,,,
250,5,6,60.66399359703064,False,,,
250,5,7,60.794620990753174,False,,,
250,5,8,61.1680645942688,False,,,
250,5,9,61.068135499954224,False,,,
250,5,10,61.16317701339722,False,,,
250,5,11,60.91786003112793,False,,,
250,5,12,60.907652139663696,False,,,
250,5,13,60.60166668891907,False,,,
250,5,14,60.6582715511322,False,,,
250,5,15,61.02251315116882,False,,,
250,5,16,61.08236765861511,False,,,
250,5,17,60.5953733921051,False,,,
250,5,18,60.712311029434204,False,,,
250,5,19,60.610520362854004,False,,,
250,5,20,60.51569700241089,False,,,
250,5,21,60.64755392074585,False,,,
250,5,22,60.73620009422302,False,,,
250,5,23,60.76273775100708,False,,,
250,5,24,60.70916724205017,False,,,
250,5,25,60.7616069316864,False,,,
250,5,26,60.61553359031677,False,,,
250,5,27,60.356305837631226,False,,,
250,5,28,60.81974172592163,False,,,
250,5,29,60.90021276473999,False,,,
250,6,0,60.989821672439575,False,,,
250,6,1,60.71260643005371,False,,,
250,6,2,60.712220668792725,False,,,
250,6,3,60.895174741744995,False,,,
250,6,4,60.679792404174805,False,,,
250,6,5,61.10434556007385,False,,,
250,6,6,61.237873792648315,False,,,
250,6,7,61.04265785217285,False,,,
250,6,8,61.298439264297485,False,,,
250,6,9,60.901224851608276,False,,,
250,6,10,61.00137162208557,False,,,
250,6,11,61.095924854278564,False,,,
250,6,12,60.69093036651611,False,,,
250,6,13,60.6091673374176,False,,,
250,6,14,61.1355996131897,False,,,
250,6,15,60.68708157539368,False,,,
250,6,16,61.08664894104004,False,,,
250,6,17,60.93075752258301,False,,,
250,6,18,60.718263387680054,False,,,
250,6,19,61.43014979362488,False,,,
250,6,20,60.81661248207092,False,,,
250,6,21,60.689382791519165,False,,,
250,6,22,61.03248834609985,False,,,
250,6,23,61.08081817626953,False,,,
250,6,24,60.67753505706787,False,,,
250,6,25,61.062525510787964,False,,,
250,6,26,60.81412148475647,False,,,
250,6,27,60.874948263168335,False,,,
250,6,28,60.70934200286865,False,,,
250,6,29,60.96991181373596,False,,,
